Age,Gender,Height,Weight,"education_level(1-undergraduate,2-highschool,3-lower)",marital_status,income(4-high-income),recent_accident,family_accident,witnessed_serious_injury,witnessed_corpse,traumatic_scene,psychiatric_history,medication_use,smoking_history,alcohol_use,pcl_total,psychological_resilience,BMI,PTSD
23,1,174,72,3,1,1,1,1,1,1,1,1,1,1,1,0,10,23.7812128418549,0
21,1,170,79,2,1,4,1,1,1,1,1,1,1,2,1,20,20,27.3356401384083,0
23,1,170,65,1,1,2,2,1,1,1,1,1,1,2,1,0,10,22.4913494809689,0
32,1,175,68,2,2,1,1,1,1,1,1,1,1,2,1,16,30,22.2040816326531,0
23,1,170,60,1,1,1,1,1,1,1,1,1,1,1,1,0,50,20.7612456747405,0
22,1,165,60,3,1,2,1,1,1,1,1,1,1,1,1,2,33,22.038567493113,0
26,1,175,85,1,2,4,1,1,1,1,1,1,1,2,1,0,50,27.7551020408163,0
23,1,180,65,3,1,3,1,1,1,1,1,1,1,2,1,20,10,20.0617283950617,0
22,1,185,85,3,1,1,1,1,1,1,2,1,1,1,1,30,38,24.8356464572681,0
33,1,180,86,1,2,4,1,1,1,1,1,1,1,2,1,0,47,26.5432098765432,0
25,1,170,55,1,1,2,1,1,1,1,1,1,1,2,1,0,10,19.0311418685121,0
28,1,184,77,3,1,2,1,1,1,1,1,1,1,2,1,0,40,22.7433837429112,0
23,1,168,61,1,1,3,2,2,1,1,1,1,1,1,1,20,30,21.6128117913832,0
32,1,185,80,3,1,3,1,1,1,1,1,1,1,2,1,0,10,23.3747260774288,0
25,1,183,87,1,1,4,1,1,1,1,1,1,1,1,1,0,30,25.9786795664248,0
20,1,175,60,3,1,1,1,1,1,1,1,1,1,2,1,0,50,19.5918367346939,0
20,1,177,60,1,1,4,1,1,1,1,1,1,1,1,1,0,50,19.1515847936417,0
24,1,185,98,1,1,3,1,1,1,1,1,1,1,1,1,0,50,28.6340394448503,0
22,1,169,65,1,1,1,1,1,1,1,1,1,1,1,1,20,30,22.7583067819754,0
27,1,178,85,1,1,2,1,1,2,1,2,1,1,2,2,5,40,26.8274207802045,0
24,1,173,71,1,1,2,2,1,1,1,1,1,1,1,1,20,20,23.7228106518761,0
21,1,175,68,3,1,1,1,1,1,1,1,1,1,1,1,0,50,22.2040816326531,0
21,1,178,64,3,1,1,1,1,1,1,1,1,1,1,1,0,30,20.1994697639187,0
18,1,170,72,3,1,3,1,1,1,1,2,1,1,1,1,7,30,24.9134948096886,0
19,1,172,75,1,1,1,1,1,1,1,1,1,1,1,1,0,10,25.3515413737155,0
29,1,178,74,2,1,3,1,1,1,1,1,1,2,2,1,0,50,23.355636914531,0
34,2,167,50,1,1,3,1,1,1,1,1,1,1,1,1,0,49,17.9282154254366,0
31,1,168,65,1,2,2,1,1,1,1,1,1,1,2,1,0,49,23.0300453514739,0
30,1,176,76,1,2,4,1,1,1,1,1,1,1,2,1,0,32,24.5351239669421,0
22,1,176,75,1,1,1,1,1,1,1,1,1,1,1,1,0,50,24.2122933884298,0
24,1,180,67,1,1,2,1,1,1,1,1,1,1,1,1,0,50,20.679012345679,0
21,1,168,60,1,1,2,1,1,1,1,1,1,1,1,1,0,10,21.2585034013605,0
36,1,170,75,1,2,3,1,1,1,1,1,1,1,1,1,0,49,25.9515570934256,0
19,1,178,75,1,1,1,1,1,1,1,1,1,1,1,1,0,34,23.6712536295922,0
22,1,178,65,1,1,1,1,1,1,1,1,1,1,2,1,0,50,20.5150864789799,0
25,1,176,68,2,1,2,1,1,1,1,1,1,1,1,1,0,50,21.952479338843,0
24,1,165,70,2,1,1,1,1,1,1,1,1,1,2,1,0,48,25.7116620752984,0
24,1,174,74,2,1,1,1,1,1,1,1,1,1,1,1,2,49,24.441802087462,0
27,1,171,64,1,1,1,1,1,1,1,2,1,1,2,1,0,50,21.8870763653774,0
24,1,170,63,3,1,1,1,1,1,1,1,1,1,2,1,0,40,21.7993079584775,0
21,1,175,63,1,1,1,1,1,1,1,1,1,1,2,1,2,50,20.5714285714286,0
30,1,168,70,1,2,1,1,1,1,1,1,1,1,2,1,0,10,24.8015873015873,0
23,1,173,65,1,1,1,1,1,1,1,1,1,1,2,1,0,50,21.7180660897457,0
21,1,166,62,2,1,3,1,1,1,1,1,1,1,1,1,0,10,22.4996371026274,0
27,1,175,68,1,1,2,1,1,1,1,2,1,1,1,1,0,50,22.2040816326531,0
30,1,171,70,2,2,3,1,1,1,1,1,1,1,1,1,0,47,23.9389897746315,0
21,1,170,65,2,1,1,1,1,1,1,1,1,1,2,1,0,44,22.4913494809689,0
21,1,183,130,1,1,1,1,1,1,1,1,1,1,2,1,2,50,38.8187165935083,0
23,1,180,85,1,1,1,1,1,1,1,1,1,1,2,1,0,34,26.2345679012346,0
29,1,170,68,1,1,2,1,1,1,1,1,1,1,1,1,0,34,23.5294117647059,0
32,1,180,68,1,2,4,1,2,1,1,1,1,1,1,1,6,30,20.9876543209877,0
22,1,178,78,1,1,2,1,1,1,1,1,1,1,2,1,0,50,24.6181037747759,0
21,1,170,60,1,1,3,1,1,1,1,1,1,1,1,1,0,30,20.7612456747405,0
26,1,168,61,2,1,1,1,1,1,1,1,1,1,2,1,0,50,21.6128117913832,0
21,1,178,62,1,1,1,1,1,1,1,1,1,1,2,1,1,50,19.5682363337962,0
23,1,175,60,1,1,1,1,1,1,1,1,1,1,1,1,2,50,19.5918367346939,0
20,1,180,71,1,1,3,1,1,1,1,1,1,1,2,1,0,50,21.9135802469136,0
24,1,172,130,1,1,1,1,1,1,1,1,1,1,2,1,2,39,43.9426717144402,0
25,1,175,75,1,1,3,1,1,1,1,1,1,1,1,1,0,41,24.4897959183673,0
28,1,170,74,3,1,2,1,1,1,1,1,1,1,1,1,0,50,25.6055363321799,0
30,1,175,72,1,1,4,1,1,1,1,2,1,1,1,1,3,40,23.5102040816327,0
25,1,176,71,2,1,3,1,1,1,1,2,1,1,2,1,6,50,22.9209710743802,0
23,1,185,80,2,1,2,1,1,1,1,1,1,1,1,1,0,50,23.3747260774288,0
23,1,182,65,1,1,2,1,1,1,1,1,1,1,1,1,0,40,19.6232339089482,0
22,1,175,60,1,1,1,1,1,1,1,1,1,1,1,1,0,40,19.5918367346939,0
28,1,179,68,1,1,2,1,1,1,1,2,1,1,2,1,0,50,21.2228082768952,0
28,1,170,70,2,2,2,1,1,1,1,1,1,1,2,1,0,50,24.2214532871972,0
23,1,174,79,1,1,2,1,1,1,1,1,1,1,1,1,0,10,26.0932752014797,0
26,1,172,68,1,1,3,1,1,1,1,2,1,1,1,1,1,44,22.9853975121687,0
22,1,171,68,1,1,1,1,1,1,1,1,1,1,2,1,0,50,23.2550186382135,0
28,1,171,64,1,1,1,1,1,1,1,1,1,1,2,1,0,10,21.8870763653774,0
24,1,180,75,1,1,2,1,1,1,1,1,1,1,2,1,0,50,23.1481481481481,0
25,1,182,80,1,1,2,1,1,1,1,1,1,1,2,1,0,10,24.1516725033209,0
21,1,174,72,1,1,1,1,1,1,1,1,1,1,1,1,0,50,23.7812128418549,0
24,1,185,70,1,1,1,1,1,1,1,1,1,1,1,1,0,10,20.4528853177502,0
23,1,177,65,2,1,1,1,1,1,1,1,1,1,2,1,0,50,20.7475501931118,0
24,1,175,60,1,1,4,1,1,1,1,1,1,1,1,1,0,40,19.5918367346939,0
22,1,182,77,1,1,1,1,1,1,1,1,1,1,1,1,0,44,23.2459847844463,0
19,1,175,65,3,1,2,2,1,1,1,1,1,1,2,1,0,50,21.2244897959184,0
16,1,178,71,2,1,3,1,1,1,1,1,1,1,2,1,0,50,22.4087867693473,0
34,1,173,69,2,2,1,1,1,1,1,1,1,1,2,1,0,40,23.0545624644993,0
23,1,177,68,1,1,2,1,1,1,1,1,1,1,1,1,0,50,21.7051294327939,0
26,1,168,71,3,1,4,1,1,1,1,1,1,1,1,1,0,40,25.15589569161,0
23,1,193,63,1,1,2,1,1,1,1,1,1,1,1,1,0,46,16.9132057236436,0
21,1,165,59,1,1,3,1,1,1,1,1,1,1,2,1,0,10,21.6712580348944,0
24,1,185,75,2,1,2,1,1,1,1,1,1,1,1,1,5,50,21.9138056975895,0
23,1,180,85,1,1,4,1,1,1,1,1,1,1,1,1,2,10,26.2345679012346,0
31,1,178,84,1,2,2,1,1,1,1,1,1,1,2,1,0,40,26.5118040651433,0
21,1,173,55,3,1,4,1,1,1,1,1,1,1,1,1,0,42,18.3768251528618,0
22,1,165,64,1,1,2,1,1,1,1,1,1,1,2,1,20,17,23.5078053259871,0
21,1,173,80,1,1,2,1,1,1,1,1,1,1,1,1,0,50,26.7299274950717,0
23,1,175,124,1,1,1,1,1,1,1,1,1,1,1,1,0,50,40.4897959183673,0
23,1,169,62,1,1,1,1,1,1,1,1,1,1,2,1,1,50,21.7079233920381,0
21,1,175,75,2,1,2,1,1,1,1,2,1,1,2,1,1,40,24.4897959183673,0
21,1,169,59,1,1,4,1,1,1,1,1,1,1,1,1,0,50,20.6575400021008,0
22,1,180,75,2,1,4,1,1,1,1,1,1,1,2,1,0,50,23.1481481481481,0
38,1,173,74,1,2,1,1,1,1,1,1,1,1,2,1,3,50,24.7251829329413,0
26,1,173,60,1,1,1,1,1,1,1,1,1,1,1,1,0,49,20.0474456213038,0
24,1,180,82,1,1,2,1,1,1,1,1,1,1,1,1,0,10,25.3086419753086,0
22,1,186,90,1,1,4,1,1,1,1,1,1,1,1,1,0,50,26.0145681581686,0
22,1,167,124,1,1,1,2,1,1,1,1,1,1,2,2,2,49,44.4619742550827,0
22,1,167,58,2,1,2,1,1,1,1,1,1,1,1,1,0,50,20.7967298935064,0
23,1,175,65,2,1,2,1,1,1,1,1,1,1,1,1,0,50,21.2244897959184,0
21,1,170,65,1,1,3,2,1,2,2,1,1,1,1,1,1,10,22.4913494809689,0
32,1,175,75,3,2,1,1,1,1,1,1,1,1,2,1,1,44,24.4897959183673,0
20,1,167,55,2,1,2,1,1,2,2,2,1,1,2,1,0,46,19.7210369679802,0
23,1,177,68,1,1,2,1,1,1,1,1,1,1,1,1,0,50,21.7051294327939,0
23,1,176,62,1,1,2,1,1,1,1,1,1,1,1,1,0,40,20.0154958677686,0
25,1,171,65,1,1,1,1,1,1,1,1,1,1,2,1,0,50,22.2290619335864,0
22,1,170,65,2,1,1,1,1,1,1,1,1,1,1,1,3,49,22.4913494809689,0
21,1,170,63,1,1,3,1,1,1,1,1,1,1,1,1,0,50,21.7993079584775,0
24,1,168,56,1,1,3,1,1,1,1,1,1,1,2,1,2,40,19.8412698412698,0
26,1,178,85,3,1,2,1,1,1,1,2,1,1,1,1,2,43,26.8274207802045,0
21,1,180,72,1,1,1,1,1,1,1,1,1,1,1,1,0,50,22.2222222222222,0
28,1,174,68,1,2,3,1,1,1,1,1,1,1,1,1,0,33,22.4600343506408,0
28,1,175,72,1,1,1,1,1,1,1,1,1,1,2,1,0,50,23.5102040816327,0
23,1,176,72,1,1,1,1,1,1,1,1,1,1,1,1,0,50,23.2438016528926,0
22,1,175,60,3,1,2,2,1,1,1,1,1,1,2,1,0,50,19.5918367346939,0
23,1,175,75,1,1,4,2,1,1,1,1,1,1,2,1,0,50,24.4897959183673,0
23,1,180,72,1,1,3,1,1,1,1,1,1,1,1,1,0,50,22.2222222222222,0
25,1,175,60,2,2,3,1,1,1,1,1,1,1,2,1,0,50,19.5918367346939,0
21,1,180,70,3,1,2,1,1,1,1,1,1,1,2,1,0,50,21.6049382716049,0
23,1,168,80,3,1,4,1,1,1,1,2,1,1,2,2,5,32,28.3446712018141,0
34,1,175,75,1,2,4,1,1,1,1,1,1,1,1,1,0,50,24.4897959183673,0
27,1,184,69,2,2,1,1,1,1,1,1,1,1,2,1,0,50,20.3804347826087,0
24,1,170,74,2,1,4,1,1,1,1,1,1,1,2,1,0,50,25.6055363321799,0
22,1,183,65,1,1,3,1,1,1,1,1,1,1,2,1,0,40,19.4093582967542,0
24,1,178,67,1,1,1,1,1,1,1,1,1,1,1,2,0,40,21.1463199091024,0
21,1,175,65,1,1,3,1,1,1,1,1,1,1,1,1,0,50,21.2244897959184,0
28,1,170,63,1,2,3,1,1,1,1,1,1,1,1,1,0,10,21.7993079584775,0
27,1,175,81,1,2,4,2,1,1,1,1,1,1,1,1,4,40,26.4489795918367,0
27,1,181,70,1,1,2,1,1,1,1,1,1,1,1,1,0,42,21.3668691431885,0
21,1,170,58,2,1,2,1,1,1,1,1,1,1,1,1,0,50,20.0692041522491,0
26,1,170,66,1,1,4,1,1,1,1,1,1,1,2,1,0,50,22.8373702422145,0
22,1,187,80,1,1,1,1,1,1,1,1,1,1,2,1,0,50,22.8774057021934,0
23,1,175,83,3,1,3,1,1,1,1,1,1,1,2,1,0,47,27.1020408163265,0
24,1,183,80,1,2,3,1,1,1,1,1,1,1,1,1,0,48,23.8884409806205,0
22,1,178,65,1,1,1,1,1,1,1,1,1,1,2,1,20,50,20.5150864789799,0
25,2,172,56,2,1,1,1,1,1,1,1,1,1,1,1,0,46,18.9291508923743,0
24,1,181,70,1,1,2,1,1,1,1,1,1,1,2,1,1,50,21.3668691431885,0
24,1,180,80,1,1,2,1,1,1,1,1,1,1,2,1,0,10,24.6913580246914,0
23,1,162,53,3,1,1,1,1,1,1,1,1,1,1,1,1,46,20.1950922115531,0
22,1,170,73,3,1,1,1,1,1,1,1,1,1,2,1,0,49,25.2595155709343,0
22,1,182,77,2,1,2,1,1,1,1,1,1,1,2,1,0,50,23.2459847844463,0
24,1,170,64,1,1,1,1,1,1,1,1,1,1,1,1,0,49,22.1453287197232,0
18,1,170,110,2,1,1,1,1,1,1,1,1,1,1,1,1,50,38.0622837370242,0
21,1,172,65,1,1,3,1,1,1,1,1,1,1,1,1,0,10,21.9713358572201,0
22,1,184,61,3,1,2,1,1,1,1,1,1,1,2,1,0,41,18.0174858223062,0
21,1,180,83,1,1,3,1,1,1,1,1,1,1,1,1,0,40,25.6172839506173,0
22,1,169,61,1,1,2,1,1,1,1,1,1,1,2,1,0,50,21.3577955953923,0
22,1,170,58,3,1,2,1,1,2,1,2,1,1,2,1,10,50,20.0692041522491,0
21,1,183,72,1,1,1,1,1,1,1,1,1,1,1,1,0,49,21.4995968825584,0
23,1,172,80,1,1,2,1,1,1,1,1,1,1,2,2,0,47,27.0416441319632,0
21,1,175,70,1,1,3,1,1,1,1,1,1,1,1,1,2,40,22.8571428571429,0
27,1,170,76,2,1,2,1,1,1,1,1,1,1,1,1,0,40,26.2975778546713,0
23,1,190,80,1,1,3,1,1,1,1,1,1,1,2,1,0,50,22.1606648199446,0
22,1,170,68,2,1,2,1,1,1,1,1,1,1,2,1,0,50,23.5294117647059,0
25,1,177,73,1,1,2,1,1,2,2,2,1,1,1,1,1,40,23.301094832264,0
27,1,172,75,2,2,2,1,1,1,1,1,1,1,1,1,0,10,25.3515413737155,0
19,1,178,120,1,1,2,1,1,1,1,1,1,1,2,1,0,36,37.8740058073476,0
31,1,172,65,3,2,2,1,1,1,1,1,1,1,2,2,0,44,21.9713358572201,0
24,1,170,70,2,1,2,1,1,2,2,1,1,1,2,1,0,50,24.2214532871972,0
19,1,175,65,1,1,2,1,1,1,1,1,1,1,1,1,0,48,21.2244897959184,0
23,1,176,57,1,1,2,1,1,1,1,1,1,1,1,1,0,50,18.4013429752066,0
26,1,170,62,3,2,1,1,1,1,1,1,1,1,1,1,1,49,21.4532871972318,0
19,1,168,73,1,1,2,1,1,1,1,1,1,1,1,1,0,50,25.8645124716553,0
23,1,175,70,1,1,1,1,1,1,1,1,1,1,1,1,0,50,22.8571428571429,0
25,1,173,68,1,1,1,1,1,1,1,1,1,1,2,1,1,46,22.7204383708109,0
25,1,174,69,2,1,1,1,1,1,1,1,1,1,2,1,0,46,22.7903289734443,0
23,1,178,75,1,2,2,1,1,1,1,1,1,1,2,1,0,50,23.6712536295922,0
22,1,167,70,3,1,3,1,1,1,1,1,1,1,2,1,0,49,25.0995015956112,0
30,1,174,65,1,1,3,1,1,2,1,1,1,1,2,1,0,50,21.4691504822301,0
20,1,187,70,1,1,3,1,1,1,1,1,1,1,1,1,0,40,20.0177299894192,0
21,1,176,74,1,1,2,1,1,1,1,1,1,1,1,1,0,31,23.8894628099174,0
23,1,166,55,1,1,2,1,1,1,1,1,1,1,1,1,17,49,19.9593554942662,0
22,2,165,70,1,1,3,1,1,1,1,1,1,1,1,1,0,36,25.7116620752984,0
25,1,173,64,1,1,2,1,1,1,1,1,1,1,2,1,5,44,21.3839419960573,0
19,1,170,60,3,1,1,1,1,1,1,1,1,1,1,1,0,46,20.7612456747405,0
25,1,170,60,2,1,1,1,1,1,1,1,1,1,2,1,3,36,20.7612456747405,0
29,1,180,85,3,2,4,1,1,1,1,1,1,1,2,1,0,50,26.2345679012346,0
22,1,170,60,2,1,1,1,1,1,1,1,1,1,1,1,0,47,20.7612456747405,0
26,1,165,59,1,1,3,2,2,2,2,1,1,1,1,1,6,50,21.6712580348944,0
23,1,164,63,2,1,1,1,1,1,1,2,1,1,1,1,0,45,23.4235574063058,0
20,1,168,128,3,1,2,1,1,1,1,1,1,1,2,1,1,50,45.3514739229025,0
23,1,180,68,1,1,2,1,1,1,1,1,1,1,1,1,0,40,20.9876543209877,0
25,1,165,65,2,1,1,1,1,1,1,1,1,1,1,1,0,50,23.8751147842057,0
20,1,173,126,3,1,3,1,1,2,1,1,1,1,2,1,3,50,42.0996358047379,0
27,1,179,70,3,2,2,1,1,1,1,1,1,1,2,1,0,40,21.8470085203333,0
21,1,169,62,3,1,1,1,1,1,1,1,1,1,1,1,0,10,21.7079233920381,0
20,1,183,80,1,1,1,1,1,1,1,1,1,1,2,1,0,10,23.8884409806205,0
23,1,175,65,1,1,1,1,1,1,1,1,1,1,1,1,0,50,21.2244897959184,0
19,1,170,65,1,1,1,1,1,1,1,1,1,1,1,1,0,10,22.4913494809689,0
35,1,177,72,1,1,3,1,1,1,1,1,1,1,2,1,0,18,22.98190175237,0
23,1,183,69,1,1,4,1,1,1,1,2,1,1,1,1,1,40,20.6037803457852,0
23,1,180,80,1,1,4,1,1,1,1,1,1,1,1,1,0,10,24.6913580246914,0
27,1,183,80,2,2,4,1,1,1,1,1,1,1,2,1,0,12,23.8884409806205,0
27,1,172,74,2,1,2,1,2,1,2,2,1,1,2,1,1,50,25.013520822066,0
23,1,167,67,1,1,2,1,1,2,2,1,1,1,2,1,0,40,24.023808670085,0
25,1,168,120,1,1,2,1,1,1,1,2,1,1,1,1,1,48,42.5170068027211,0
22,1,175,64,2,1,4,1,1,1,1,1,1,1,2,1,0,50,20.8979591836735,0
24,1,169,63,3,2,2,1,2,1,1,1,1,1,2,1,1,41,22.0580511886839,0
23,1,170,61,1,1,2,1,1,1,1,1,1,1,1,1,0,14,21.1072664359862,0
26,1,175,70,3,2,2,1,1,2,1,1,1,1,2,1,7,50,22.8571428571429,0
24,1,173,72,1,1,2,1,1,1,1,1,1,1,1,1,0,48,24.0569347455645,0
26,1,169,69,1,1,2,1,1,1,1,1,1,1,1,1,0,50,24.1588179685585,0
22,1,165,60,3,1,3,1,1,1,1,1,1,1,2,1,0,40,22.038567493113,0
22,1,179,80,1,1,2,1,1,1,1,1,1,1,1,1,0,50,24.9680097375238,0
23,1,179,65,1,1,1,1,2,1,1,1,1,1,1,1,3,44,20.2865079117381,0
25,1,180,65,3,1,2,1,1,1,1,1,1,1,1,1,0,10,20.0617283950617,0
23,1,172,63,1,1,2,1,2,1,1,1,1,1,1,1,0,50,21.295294753921,0
21,1,160,57,1,1,1,1,1,1,1,2,1,1,1,1,6,39,22.265625,0
23,1,178,82,3,1,1,1,1,1,1,1,1,1,2,1,1,43,25.8805706350208,0
24,1,175,71,3,1,2,1,1,1,1,1,1,1,1,1,0,36,23.1836734693878,0
45,1,174,74,1,2,3,1,1,1,1,1,1,1,1,2,1,50,24.441802087462,0
23,1,177,64,2,1,2,1,1,1,1,1,1,1,1,1,0,50,20.4283571132178,0
22,1,189,75,1,3,1,1,1,1,1,1,1,1,1,1,0,50,20.9960527420845,0
22,1,175,70,1,1,3,1,1,1,1,1,1,1,2,1,0,50,22.8571428571429,0
25,1,172,70,1,1,2,1,1,1,1,1,1,1,2,1,0,50,23.6614386154678,0
21,1,170,63,2,1,3,1,1,1,1,1,1,1,2,1,0,40,21.7993079584775,0
18,1,176,70,3,1,3,1,1,1,1,2,1,1,2,1,7,34,22.5981404958678,0
28,1,175,75,1,1,3,1,1,1,1,1,1,1,1,1,0,10,24.4897959183673,0
22,1,176,75,2,1,3,2,1,1,1,1,1,1,1,1,0,50,24.2122933884298,0
23,1,182,83,1,1,4,1,1,1,1,1,1,1,2,1,0,50,25.0573602221954,0
24,1,188,90,1,1,2,1,1,1,1,1,1,1,2,2,1,50,25.4640108646446,0
20,1,175,69,3,1,1,1,2,1,1,2,1,1,2,1,0,50,22.530612244898,0
25,1,176,69,1,2,4,1,1,1,1,1,1,1,2,1,0,50,22.2753099173554,0
22,1,170,60,1,1,1,1,1,1,1,1,1,1,1,1,0,10,20.7612456747405,0
25,1,175,75,1,1,3,1,1,1,1,1,1,1,1,1,0,40,24.4897959183673,0
32,1,174,71,1,1,4,1,1,2,2,1,1,1,1,1,0,31,23.4509182190514,0
24,1,172,60,2,1,2,1,1,1,1,1,1,1,1,1,25,50,20.2812330989724,0
25,1,175,69,1,1,2,1,1,1,1,2,1,1,1,1,0,50,22.530612244898,0
22,1,175,69,1,1,2,1,1,1,1,1,1,1,1,1,0,50,22.530612244898,0
24,1,175,75,1,1,4,1,1,1,1,1,1,1,2,1,8,46,24.4897959183673,0
26,1,172,75,1,1,2,1,1,1,1,1,1,1,1,1,0,50,25.3515413737155,0
22,1,174,78,1,1,2,1,1,1,1,1,1,1,1,1,0,50,25.7629805786762,0
23,1,177,70,2,1,3,1,1,1,1,1,1,1,1,1,0,10,22.343515592582,0
23,1,170,118,3,1,1,1,1,1,1,1,1,2,2,1,0,32,40.8304498269896,0
29,1,179,83,1,2,3,1,1,1,1,1,1,1,2,1,0,50,25.9043101026809,0
22,1,188,80,1,1,2,1,1,1,1,1,1,1,1,1,1,15,22.6346763241286,0
24,1,174,72,1,1,3,1,1,1,1,2,1,1,2,1,1,39,23.7812128418549,0
22,1,166,52,3,1,1,1,1,1,1,1,1,1,2,1,3,40,18.8706633763972,0
32,1,170,62,2,1,2,1,1,1,1,1,1,1,2,2,0,41,21.4532871972318,0
25,1,173,65,1,1,1,1,1,1,1,1,1,1,2,1,0,49,21.7180660897457,0
24,1,183,75,3,1,3,1,1,1,1,1,1,1,1,1,0,50,22.3954134193317,0
22,1,178,74,1,1,2,1,1,1,1,1,1,1,1,1,0,50,23.355636914531,0
23,1,167,60,1,1,2,1,1,1,1,1,1,1,1,1,0,10,21.5138585105239,0
24,1,165,62,1,1,1,1,1,1,1,1,1,1,1,1,0,39,22.77318640955,0
24,1,165,60,1,1,2,2,2,1,1,1,1,1,2,1,0,10,22.038567493113,0
33,1,175,83,1,2,2,1,1,1,1,1,1,1,2,1,0,50,27.1020408163265,0
24,1,168,65,1,1,1,1,1,1,1,1,1,1,2,1,0,32,23.0300453514739,0
23,1,171,55,1,1,3,1,1,1,1,1,1,1,2,1,0,50,18.8092062514962,0
19,1,178,75,1,1,2,1,1,2,1,2,1,1,2,1,0,35,23.6712536295922,0
25,1,170,72,2,1,3,1,1,1,1,1,1,1,1,1,0,50,24.9134948096886,0
21,1,174,70,1,1,2,1,1,1,1,1,1,1,1,1,0,41,23.1206235962479,0
23,1,180,80,1,1,2,1,1,1,1,1,1,1,1,1,0,30,24.6913580246914,0
25,1,170,62,3,1,3,1,1,1,1,1,1,1,2,1,3,50,21.4532871972318,0
23,1,168,65,1,1,3,1,1,1,1,1,1,1,2,1,0,50,23.0300453514739,0
32,1,178,75,1,2,4,1,2,1,1,1,1,1,1,1,0,50,23.6712536295922,0
22,1,175,78,1,1,1,1,1,1,1,2,1,1,1,1,0,50,25.469387755102,0
22,1,172,56,2,1,4,1,1,1,1,1,1,1,1,1,0,50,18.9291508923743,0
22,1,170,70,1,1,2,1,1,1,1,1,1,1,1,1,12,32,24.2214532871972,0
22,1,174,71,2,1,1,1,1,1,1,1,1,1,1,1,0,50,23.4509182190514,0
22,1,170,59,2,1,3,1,1,1,1,1,1,1,2,1,0,40,20.4152249134948,0
21,1,175,68,1,1,4,1,1,1,1,1,1,1,2,1,0,50,22.2040816326531,0
23,1,170,80,1,1,2,1,1,1,1,1,1,1,2,1,0,50,27.681660899654,0
22,1,180,80,1,1,1,1,1,1,1,1,1,1,1,1,0,49,24.6913580246914,0
22,1,171,73,2,1,3,1,1,1,1,1,1,1,1,1,0,50,24.9649464792586,0
31,1,185,85,1,2,4,1,1,1,1,1,1,1,1,1,0,10,24.8356464572681,0
29,1,170,70,2,1,1,1,1,1,1,1,1,1,1,1,0,42,24.2214532871972,0
26,1,168,65,1,1,2,2,1,1,1,1,1,1,1,1,0,48,23.0300453514739,0
20,1,175,60,3,1,3,1,1,1,1,1,1,1,1,1,0,50,19.5918367346939,0
22,1,168,60,1,1,2,1,1,1,1,1,1,1,1,1,0,50,21.2585034013605,0
25,1,180,80,1,1,1,1,1,1,1,1,1,1,1,1,0,50,24.6913580246914,0
20,1,173,55,3,1,4,1,1,1,1,1,1,1,2,1,0,44,18.3768251528618,0
23,1,170,85,3,1,1,1,1,1,1,1,1,1,1,1,0,50,29.4117647058824,0
28,1,175,65,3,1,3,1,1,1,1,1,1,1,1,1,0,50,21.2244897959184,0
22,1,178,82,1,1,1,1,1,1,1,1,1,1,2,1,0,50,25.8805706350208,0
27,1,174,73,1,2,4,1,1,1,1,1,1,1,2,1,0,49,24.1115074646585,0
23,1,172,65,1,1,2,1,1,1,1,1,1,1,2,1,3,50,21.9713358572201,0
22,1,182,67,1,1,2,1,1,1,1,1,1,1,1,1,0,41,20.2270257215312,0
20,1,168,70,1,1,4,1,1,1,1,1,1,1,1,1,0,14,24.8015873015873,0
23,1,180,75,1,1,4,1,1,1,1,1,1,1,2,1,0,50,23.1481481481481,0
23,1,170,69,2,1,1,1,1,1,1,1,1,1,2,1,0,50,23.8754325259516,0
22,1,182,90,3,1,2,1,1,1,1,1,1,1,2,1,0,40,27.170631566236,0
23,1,168,70,1,1,1,1,1,1,1,1,1,1,1,1,0,49,24.8015873015873,0
23,1,165,56,2,1,1,1,1,1,1,1,1,1,2,1,0,10,20.5693296602388,0
23,1,163,58,2,1,3,1,1,1,1,1,1,1,1,1,0,50,21.8299521999323,0
21,1,175,66,1,1,2,1,1,1,1,1,1,1,1,1,2,48,21.5510204081633,0
22,1,163,55,1,1,3,1,1,1,1,1,1,1,1,1,1,50,20.7008167413151,0
19,1,180,68,1,1,1,1,1,1,1,1,1,1,2,1,2,10,20.9876543209877,0
25,1,165,60,3,1,2,1,1,1,1,1,1,1,2,1,20,30,22.038567493113,0
23,1,175,80,1,1,3,1,1,1,1,1,1,1,2,1,0,50,26.1224489795918,0
24,1,172,78,1,1,2,1,1,1,1,1,1,1,1,1,0,50,26.3656030286641,0
19,1,170,57,2,1,2,1,1,1,1,1,1,1,1,1,1,44,19.7231833910035,0
26,1,173,65,1,1,4,1,1,1,1,1,1,1,2,1,0,50,21.7180660897457,0
27,1,178,75,1,2,1,1,1,1,1,1,1,1,2,1,3,38,23.6712536295922,0
30,1,168,60,2,2,2,1,1,1,1,1,1,1,2,1,0,50,21.2585034013605,0
19,1,183,75,3,1,2,1,1,1,1,2,1,1,2,2,8,39,22.3954134193317,0
23,1,182,83,1,1,2,1,1,1,1,1,1,1,1,1,0,40,25.0573602221954,0
23,1,180,75,1,1,2,1,1,1,1,1,1,1,1,1,0,50,23.1481481481481,0
31,1,177,76,1,2,3,1,1,1,1,1,1,1,2,1,2,29,24.2586740719461,0
24,1,170,60,1,1,1,1,1,1,1,2,1,1,1,1,0,47,20.7612456747405,0
24,1,170,70,3,1,1,1,1,1,1,1,1,1,1,1,0,50,24.2214532871972,0
25,1,175,70,2,1,3,1,1,1,1,1,1,1,1,1,0,48,22.8571428571429,0
26,1,167,67,1,1,3,1,1,1,1,1,1,1,2,1,0,50,24.023808670085,0
33,1,177,80,1,2,3,1,1,1,1,1,1,1,1,1,0,50,25.5354463915222,0
27,1,170,70,1,1,1,1,1,1,1,1,1,1,2,1,0,50,24.2214532871972,0
22,1,170,62,1,1,2,1,1,1,1,1,1,1,1,1,0,40,21.4532871972318,0
24,1,173,65,3,2,3,1,1,1,1,1,1,1,1,1,0,10,21.7180660897457,0
21,1,175,72,1,1,2,1,1,1,1,1,1,1,1,1,0,50,23.5102040816327,0
24,1,179,67,1,1,2,1,1,1,1,1,1,1,1,1,0,49,20.9107081551762,0
15,1,178,130,3,1,1,1,1,1,1,1,1,1,2,2,0,18,41.0301729579598,0
21,1,181,68,2,1,2,1,1,1,1,1,1,1,2,1,0,43,20.7563871676689,0
20,1,165,59,1,1,2,1,1,1,1,1,1,1,2,1,0,49,21.6712580348944,0
23,1,177,80,1,1,4,1,1,1,1,1,1,1,2,1,0,49,25.5354463915222,0
28,1,172,60,2,2,1,2,1,1,1,1,1,1,1,1,6,37,20.2812330989724,0
23,1,175,65,1,1,2,1,1,1,1,1,1,1,1,1,0,10,21.2244897959184,0
29,1,173,60,1,2,1,1,1,1,1,1,1,1,2,1,0,22,20.0474456213038,0
22,1,185,77,1,1,3,1,1,1,1,2,1,1,2,1,18,47,22.4981738495252,0
23,1,170,68,3,1,2,1,1,1,1,1,1,1,1,1,0,10,23.5294117647059,0
24,1,162,61,2,1,1,1,1,1,1,1,1,1,2,1,0,50,23.2434080170706,0
26,1,168,68,1,1,4,1,1,1,1,2,1,1,1,1,0,50,24.092970521542,0
22,1,173,62,2,1,1,1,1,1,1,1,1,1,2,1,0,50,20.7156938086805,0
24,1,165,58,2,1,1,1,1,1,1,1,1,1,1,1,0,10,21.3039485766759,0
21,1,172,128,3,1,1,1,1,1,1,1,1,1,2,1,0,50,43.2666306111412,0
24,1,172,57,1,1,2,1,1,1,1,1,1,1,1,1,0,50,19.2671714440238,0
19,1,175,75,1,1,1,1,1,1,1,2,1,1,2,2,0,46,24.4897959183673,0
22,1,165,69,1,1,2,1,1,1,1,1,1,1,1,1,0,40,25.3443526170799,0
22,1,180,71,1,1,2,1,1,1,1,1,1,1,1,1,0,10,21.9135802469136,0
23,1,171,75,1,1,3,1,1,1,2,2,1,1,1,1,0,10,25.6489176156766,0
22,1,164,62,1,1,2,1,1,1,1,1,1,1,1,1,0,50,23.051754907793,0
25,1,170,65,1,1,1,1,1,1,1,1,1,1,1,1,0,10,22.4913494809689,0
22,1,170,62,1,1,3,1,1,1,1,2,1,1,2,1,0,50,21.4532871972318,0
22,1,173,58,1,1,2,1,1,1,1,1,1,1,2,1,0,10,19.379197433927,0
26,1,170,60,3,2,3,1,1,1,1,1,1,1,2,1,0,10,20.7612456747405,0
24,1,180,67,1,1,3,1,1,1,1,1,1,1,2,1,3,40,20.679012345679,0
20,1,171,67,2,1,4,1,1,1,1,1,1,1,1,1,6,40,22.9130330700044,0
21,1,173,65,1,1,1,1,1,1,1,1,1,1,2,1,0,39,21.7180660897457,0
20,1,171,60,3,1,1,1,1,1,1,1,1,1,2,1,3,47,20.5191340925413,0
24,1,178,73,2,1,2,1,1,1,1,1,1,1,1,1,0,50,23.0400201994698,0
29,1,177,60,1,2,4,2,1,1,1,1,1,1,1,1,0,50,19.1515847936417,0
23,1,183,80,1,1,2,1,1,1,1,1,1,1,2,1,0,50,23.8884409806205,0
34,1,175,70,1,2,1,1,1,1,1,1,1,1,2,1,0,50,22.8571428571429,0
30,1,176,75,1,2,4,1,1,1,1,1,1,1,1,1,0,41,24.2122933884298,0
24,2,164,65,1,1,1,1,1,1,1,1,1,1,1,1,0,42,24.1671624033314,0
21,1,183,81,1,1,3,1,1,1,1,1,1,1,2,2,1,50,24.1870464928783,0
24,1,183,85,3,1,1,1,1,1,1,1,1,1,1,1,0,33,25.3814685419093,0
22,1,170,65,1,1,1,1,1,1,1,1,1,1,1,1,0,10,22.4913494809689,0
23,1,170,72,1,1,1,1,1,1,1,1,1,1,1,1,0,43,24.9134948096886,0
23,1,180,84,3,1,2,1,1,1,1,1,1,1,1,1,0,10,25.9259259259259,0
22,1,171,60,1,1,2,1,1,1,1,1,1,1,1,1,2,28,20.5191340925413,0
20,1,175,73,3,1,1,1,1,1,1,1,1,1,2,1,0,39,23.8367346938776,0
22,1,181,78,3,1,3,1,1,1,1,1,1,1,2,1,0,50,23.8087970452672,0
25,1,173,64,1,1,1,1,1,1,1,1,1,1,2,1,0,50,21.3839419960573,0
18,1,170,50,3,1,2,1,1,1,1,1,1,1,1,1,0,50,17.3010380622837,0
23,1,173,70,2,1,2,2,1,1,1,1,1,1,2,1,1,43,23.3886865581877,0
31,1,178,70,1,2,4,1,1,1,1,1,1,1,1,1,12,31,22.0931700542861,0
21,1,174,62,1,1,1,1,1,1,1,1,1,1,1,1,0,47,20.4782666138195,0
18,1,170,60,2,1,4,1,1,1,1,1,1,1,2,1,1,13,20.7612456747405,0
21,1,177,60,3,1,2,1,1,1,1,1,1,1,2,1,1,10,19.1515847936417,0
23,1,176,85,1,1,3,1,1,1,1,1,1,1,1,1,0,50,27.4405991735537,0
25,1,180,70,1,1,2,1,1,1,1,1,1,1,1,1,0,40,21.6049382716049,0
24,1,193,83,3,2,2,1,1,1,1,1,1,1,1,1,0,50,22.2824773819431,0
20,1,183,65,3,1,2,1,1,1,1,1,1,1,2,1,0,50,19.4093582967542,0
21,1,170,75,1,1,3,1,1,1,1,1,1,1,1,1,3,40,25.9515570934256,0
21,1,171,68,1,1,3,1,1,1,1,2,1,1,2,1,11,20,23.2550186382135,0
21,1,180,75,3,1,1,1,1,1,1,1,1,1,2,1,0,10,23.1481481481481,0
23,1,177,68,1,1,3,1,2,2,1,1,1,1,1,1,0,50,21.7051294327939,0
31,1,175,75,2,2,2,1,1,1,1,1,1,1,2,1,0,40,24.4897959183673,0
29,1,172,60,1,2,4,1,1,1,1,1,1,1,2,1,0,10,20.2812330989724,0
22,1,170,62,1,1,2,1,1,1,1,1,1,1,1,1,0,10,21.4532871972318,0
22,1,175,70,2,1,3,1,1,1,1,1,1,1,1,1,0,50,22.8571428571429,0
23,1,184,76,2,1,3,1,1,1,1,1,1,1,2,1,0,40,22.4480151228733,0
23,1,181,76,1,1,2,1,1,1,1,1,1,1,1,1,0,50,23.1983150697476,0
25,1,167,65,3,1,3,1,1,1,1,1,1,1,2,1,0,50,23.3066800530675,0
26,1,170,58,1,1,2,1,1,1,1,1,1,1,1,1,0,50,20.0692041522491,0
24,1,177,65,1,1,2,1,1,1,1,2,1,1,2,1,20,30,20.7475501931118,0
19,1,181,70,2,1,4,1,1,1,1,1,1,1,2,1,0,50,21.3668691431885,0
27,1,172,66,3,2,3,1,1,1,1,1,1,1,2,2,0,50,22.3093564088697,0
22,1,186,80,3,1,2,1,1,1,1,1,1,1,1,1,0,10,23.1240605850387,0
23,1,180,70,1,1,3,1,1,1,1,1,1,1,2,2,0,50,21.6049382716049,0
21,1,183,90,3,1,2,1,1,1,1,1,1,1,2,1,0,50,26.8744961031981,0
28,1,175,75,3,1,1,1,1,1,1,1,1,1,2,1,0,50,24.4897959183673,0
21,1,168,60,3,1,3,1,1,1,1,1,1,1,2,2,0,10,21.2585034013605,0
26,1,164,50,1,1,3,1,1,1,1,1,1,1,1,1,0,10,18.5901249256395,0
23,1,165,118,1,1,1,1,1,1,1,1,1,1,1,1,0,39,43.3425160697888,0
35,1,172,72,1,2,3,1,1,1,1,1,1,1,1,1,0,50,24.3374797187669,0
24,1,175,75,2,2,1,1,1,1,1,2,1,1,2,1,16,29,24.4897959183673,0
21,1,168,63,3,1,1,1,1,1,1,1,1,1,1,1,0,50,22.3214285714286,0
23,1,178,72,2,1,3,1,1,1,1,1,1,1,1,1,0,50,22.7244034844085,0
26,1,181,74,1,1,2,2,1,1,1,1,1,1,2,1,0,50,22.5878330942279,0
35,1,174,75,1,2,4,1,1,1,1,1,1,1,2,1,0,50,24.7720967102656,0
23,1,175,77,1,1,1,1,1,1,1,1,1,1,2,1,0,50,25.1428571428571,0
21,1,180,70,3,1,1,1,1,1,1,1,1,1,1,1,0,50,21.6049382716049,0
24,1,167,58,1,1,2,1,1,1,1,1,1,1,2,1,6,36,20.7967298935064,0
27,1,180,70,1,2,4,1,1,1,1,1,1,1,2,1,0,10,21.6049382716049,0
23,1,175,70,3,1,2,1,1,1,1,1,1,1,2,1,1,44,22.8571428571429,0
22,1,167,71,1,1,2,1,1,1,1,1,1,1,1,1,0,50,25.4580659041199,0
22,1,174,75,2,1,1,1,1,1,1,1,1,1,1,1,5,50,24.7720967102656,0
28,1,179,70,3,1,2,1,1,1,1,1,1,1,1,1,0,50,21.8470085203333,0
27,1,177,67,1,1,2,1,1,1,1,1,1,1,1,1,0,50,21.3859363528999,0
21,1,175,69,1,1,3,1,1,1,1,1,1,1,2,1,0,50,22.530612244898,0
27,1,170,68,1,1,1,1,1,1,1,1,1,1,2,1,0,50,23.5294117647059,0
28,1,177,75,1,1,4,1,1,1,1,1,1,1,2,1,0,50,23.9394809920521,0
21,1,175,130,1,1,2,1,1,2,1,1,1,1,1,1,0,50,42.4489795918367,0
23,1,180,80,1,1,1,1,1,1,1,1,1,1,1,1,0,50,24.6913580246914,0
23,1,177,69,1,1,1,1,1,1,1,1,1,1,1,1,1,50,22.0243225126879,0
36,1,168,65,1,2,2,1,1,1,1,1,1,1,1,1,0,50,23.0300453514739,0
22,1,166,55,3,1,2,1,1,1,1,1,1,1,1,1,0,47,19.9593554942662,0
22,1,174,66,2,1,2,1,1,1,1,1,1,1,1,1,0,50,21.7994451050337,0
22,1,167,60,1,1,4,1,1,1,1,1,1,1,1,1,0,50,21.5138585105239,0
23,1,170,62,1,1,3,1,1,1,1,1,1,1,1,1,0,50,21.4532871972318,0
24,1,172,63,2,1,4,1,1,1,1,1,1,1,1,1,0,41,21.295294753921,0
23,1,170,58,1,1,2,1,1,1,1,1,1,1,2,2,0,50,20.0692041522491,0
25,1,171,66,1,1,2,1,1,1,1,1,1,1,1,1,0,10,22.5710475017954,0
21,1,172,60,3,1,2,1,1,1,1,1,1,1,2,1,0,47,20.2812330989724,0
26,1,178,62,3,1,2,1,1,1,1,1,1,1,2,1,0,40,19.5682363337962,0
24,1,178,65,1,1,1,1,1,2,2,1,1,1,2,1,0,50,20.5150864789799,0
24,1,176,75,2,1,4,1,2,1,1,1,1,1,1,1,0,40,24.2122933884298,0
25,1,176,65,2,1,2,1,1,1,1,1,1,1,1,1,0,50,20.9839876033058,0
24,1,172,74,1,1,2,1,1,1,1,1,1,1,1,1,1,50,25.013520822066,0
26,1,178,70,2,1,3,1,1,1,1,1,1,1,1,1,0,50,22.0931700542861,0
28,1,175,72,2,2,2,1,1,1,1,1,1,1,1,1,0,40,23.5102040816327,0
34,1,178,68,1,2,3,1,1,1,1,1,1,1,2,1,5,41,21.4619366241636,0
24,1,183,70,3,1,2,1,1,1,2,2,1,1,2,1,29,40,20.9023858580429,0
24,1,177,77,1,1,2,2,1,1,1,1,1,1,2,1,4,49,24.5778671518401,0
25,1,175,65,2,1,2,1,1,1,1,1,1,1,1,1,0,50,21.2244897959184,0
22,1,175,80,1,1,4,1,1,1,1,1,1,1,2,1,0,50,26.1224489795918,0
26,1,175,69,1,1,1,1,1,1,1,1,1,1,2,1,0,50,22.530612244898,0
30,1,178,75,3,2,4,1,1,1,1,1,1,1,1,1,0,11,23.6712536295922,0
24,1,178,66,1,1,3,2,1,2,1,2,1,1,1,1,0,40,20.8307031940412,0
36,1,165,58,1,2,4,1,1,1,1,1,1,1,1,1,6,46,21.3039485766759,0
25,1,170,63,1,1,2,1,1,1,1,1,1,1,1,1,0,50,21.7993079584775,0
22,1,181,76,3,1,4,1,1,1,1,1,1,1,1,1,0,50,23.1983150697476,0
26,1,176,70,1,1,1,1,1,1,1,1,1,1,1,1,20,40,22.5981404958678,0
33,1,177,80,2,2,4,1,1,2,1,1,1,1,2,2,0,30,25.5354463915222,0
35,1,173,73,1,2,3,1,1,1,1,2,1,2,1,1,3,30,24.3910588392529,0
30,1,170,60,2,2,2,1,1,1,1,1,1,1,2,1,0,50,21.0,0
30,1,175,72,2,2,2,1,1,1,1,1,1,1,1,1,0,50,24.0,0
56,1,168,120,3,2,2,1,1,1,1,1,1,1,2,1,0,50,43.0,0
23,1,170,59,3,1,2,1,1,1,1,1,1,1,2,1,0,50,20.0,0
24,1,168,62,1,1,1,2,1,1,1,1,1,1,1,1,0,10,22.0,0
30,1,172,75,1,2,2,1,1,1,1,1,1,1,2,2,0,10,25.0,0
21,1,180,70,3,1,1,1,1,1,1,1,1,1,1,1,0,10,22.0,0
24,1,175,70,3,1,3,1,1,1,1,1,1,1,2,1,0,10,23.0,0
23,1,170,65,1,1,1,1,1,1,1,1,1,1,1,1,0,46,22.0,0
26,1,173,74,2,2,4,1,1,1,1,1,1,1,2,1,0,10,25.0,0
20,1,173,68,1,1,2,1,1,1,1,1,1,1,1,1,0,50,23.0,0
26,1,171,65,1,1,1,1,1,1,1,1,1,1,2,1,0,50,22.0,0
20,1,172,62,3,1,3,1,1,1,1,1,1,1,2,1,0,50,21.0,0
24,1,175,76,1,1,2,1,1,1,1,1,1,1,1,1,1,39,25.0,0
21,1,170,65,2,1,1,1,1,1,1,1,1,1,1,1,0,49,22.0,0
20,1,188,95,2,1,4,1,1,1,1,1,1,1,2,1,0,50,27.0,0
21,1,170,59,1,1,2,1,1,1,1,1,1,1,1,1,0,50,20.0,0
22,1,167,65,1,1,2,1,1,1,1,2,1,1,1,1,0,50,23.0,0
28,1,165,55,1,1,1,1,1,1,1,1,1,1,1,1,0,40,20.0,0
35,1,165,70,1,2,4,1,1,1,1,1,1,1,1,1,19,19,26.0,0
33,1,178,89,2,2,2,1,1,1,1,1,1,1,2,2,2,46,28.0,0
21,1,175,60,1,1,4,1,1,1,1,1,1,1,1,1,0,50,20.0,0
20,1,162,102,2,1,1,1,1,1,1,1,1,1,2,1,0,50,39.0,0
21,1,175,70,3,1,1,1,1,1,1,1,1,1,1,1,0,10,23.0,0
25,1,173,59,1,1,2,1,1,1,1,1,1,1,1,1,0,40,20.0,0
33,1,175,70,1,2,3,1,1,1,1,1,1,1,1,1,19,10,23.0,0
22,1,175,55,1,1,2,1,1,1,1,1,1,1,2,1,0,50,18.0,0
20,1,175,65,2,1,1,1,1,1,1,1,1,1,2,1,0,38,21.0,0
22,1,176,62,1,1,3,1,1,1,1,1,1,1,2,1,2,50,20.0,0
37,1,178,75,1,2,4,1,1,1,1,1,1,1,2,1,0,50,24.0,0
24,1,170,57,1,1,2,1,1,1,1,1,1,1,2,1,0,50,20.0,0
28,1,163,54,2,1,1,1,1,1,1,1,1,1,2,1,0,40,20.0,0
27,1,170,66,1,1,3,1,1,1,1,1,1,1,2,1,0,40,23.0,0
22,1,177,69,1,1,2,1,1,1,1,1,1,1,2,2,5,44,22.0,0
23,1,166,57,1,1,1,1,1,1,1,1,1,1,1,1,0,50,21.0,0
25,1,168,68,1,1,2,1,1,1,1,1,1,1,2,1,0,50,24.0,0
19,1,175,64,1,1,1,1,1,1,1,1,1,1,2,1,0,50,21.0,0
20,1,182,78,1,1,1,1,1,1,1,1,1,1,1,1,0,50,24.0,0
22,1,180,73,2,1,2,1,1,1,1,1,1,1,2,1,0,10,23.0,0
22,1,172,72,1,1,1,1,1,1,1,1,1,1,1,1,0,50,24.0,0
21,1,178,75,2,1,4,1,1,1,1,1,1,1,1,1,8,43,24.0,0
24,1,180,70,2,1,2,1,1,1,1,1,1,1,2,1,0,10,22.0,0
24,1,174,74,2,1,1,1,1,1,1,1,1,1,1,1,6,29,24.0,0
32,1,172,75,1,2,2,2,1,2,1,2,1,1,1,1,1,50,25.0,0
20,1,171,64,1,1,2,1,1,1,1,1,1,1,2,1,0,36,22.0,0
24,1,180,70,1,1,2,1,1,1,1,1,1,1,2,1,0,40,22.0,0
22,1,181,73,3,2,4,2,2,2,1,2,1,1,1,2,0,47,22.0,0
22,1,179,67,1,1,1,1,1,1,1,2,1,1,1,1,13,50,21.0,0
32,1,170,69,1,2,4,1,1,1,1,1,1,1,1,1,0,10,24.0,0
24,1,175,65,2,1,2,1,1,1,1,1,1,1,1,1,2,43,21.0,0
24,1,175,70,1,1,3,1,1,1,1,1,1,1,2,1,4,46,23.0,0
22,1,183,85,1,1,2,1,1,1,1,1,1,1,1,1,0,50,25.0,0
26,1,173,62,2,2,1,1,1,1,1,1,1,1,1,1,0,50,21.0,0
25,1,182,66,1,1,2,1,1,1,1,2,1,1,1,1,12,49,20.0,0
21,1,175,74,1,1,1,1,1,1,1,2,1,1,2,1,0,40,24.0,0
23,1,175,65,3,1,3,1,1,1,1,1,1,1,1,1,0,50,21.0,0
21,1,173,65,1,1,2,1,1,1,1,1,1,1,1,1,0,50,22.0,0
21,1,160,68,1,1,1,1,1,1,1,1,1,1,1,1,0,50,27.0,0
20,1,180,75,1,1,4,1,1,1,1,1,1,1,1,1,0,39,23.0,0
24,1,175,85,1,1,1,1,1,1,1,1,1,1,1,1,0,10,28.0,0
27,1,183,70,2,1,2,1,1,1,1,1,1,1,1,1,0,48,21.0,0
21,1,170,60,3,1,4,1,1,1,1,1,1,1,2,1,0,48,21.0,0
26,1,170,70,1,1,3,1,1,1,1,1,1,1,1,1,0,50,24.0,0
22,1,184,73,1,1,3,1,1,1,1,1,1,1,2,1,0,50,22.0,0
24,1,180,71,1,1,1,1,1,1,1,1,1,1,2,1,0,50,22.0,0
22,1,186,77,1,1,2,1,1,1,1,1,1,1,1,1,0,50,22.0,0
30,1,176,70,1,1,4,1,1,1,1,1,1,2,1,1,0,10,23.0,0
23,1,175,65,3,1,2,1,1,1,1,1,1,1,2,1,0,49,21.0,0
20,1,180,67,1,1,4,1,1,1,1,1,1,1,1,1,0,10,21.0,0
24,1,175,120,1,1,4,1,1,1,1,1,1,1,1,1,0,40,39.0,0
27,1,177,65,1,2,4,1,1,1,1,1,1,1,1,1,0,43,21.0,0
23,1,178,73,1,1,1,1,1,1,1,1,1,1,2,1,0,50,23.0,0
20,1,171,67,1,1,2,1,1,1,1,1,1,1,1,1,0,40,23.0,0
22,1,180,65,2,1,1,1,1,1,1,1,1,1,1,1,0,50,20.0,0
28,1,170,70,1,2,4,1,1,1,1,1,1,1,2,1,0,50,24.0,0
20,1,170,67,3,1,1,1,1,1,1,1,1,1,1,1,0,50,23.0,0
21,1,170,75,2,1,3,1,1,1,1,1,1,1,1,1,0,10,26.0,0
23,1,168,65,3,1,4,1,1,1,1,1,1,1,1,1,0,31,23.0,0
20,1,173,60,1,1,2,1,1,1,1,1,1,1,1,1,0,50,20.0,0
24,1,168,57,3,1,3,1,1,1,1,1,1,1,2,1,0,10,20.0,0
27,1,170,62,1,2,2,1,1,1,1,1,1,1,1,1,0,50,21.0,0
24,1,167,64,2,1,2,1,1,1,1,1,1,1,1,1,0,49,23.0,0
21,1,182,75,1,1,2,1,1,1,1,1,1,1,1,1,0,50,23.0,0
22,1,162,62,3,1,4,1,1,1,1,1,1,1,1,1,0,50,24.0,0
28,1,170,55,1,1,4,1,1,1,1,1,1,1,1,1,0,50,19.0,0
23,1,178,70,1,1,2,1,1,1,1,1,1,1,1,1,1,43,22.0,0
22,1,178,80,1,1,4,1,1,1,1,1,1,1,1,1,0,50,25.0,0
20,1,177,65,3,1,4,1,1,1,1,1,1,1,1,1,8,49,21.0,0
31,1,180,81,3,2,4,1,1,1,1,1,1,1,2,1,0,50,25.0,0
26,1,178,70,1,1,4,1,1,1,1,1,1,1,1,1,1,46,22.0,0
22,1,171,67,1,1,3,1,1,1,1,1,1,1,1,1,0,50,23.0,0
22,1,177,69,1,1,2,1,1,1,1,1,1,1,2,1,0,50,22.0,0
20,1,165,120,1,1,2,1,1,1,1,1,1,1,2,1,0,50,44.0,0
26,1,174,80,2,1,3,1,1,1,1,1,1,1,2,1,0,48,26.0,0
25,1,175,70,1,1,1,1,1,1,1,1,1,1,1,1,0,10,23.0,0
21,1,170,64,1,1,1,1,1,1,1,1,1,1,1,1,0,50,22.0,0
20,1,173,68,3,1,2,1,1,1,1,1,1,1,1,1,0,40,23.0,0
20,1,180,65,2,1,4,1,1,1,1,1,1,1,1,1,0,45,20.0,0
21,1,174,72,2,1,4,1,1,1,1,1,1,1,2,1,0,10,24.0,0
22,1,173,62,3,1,2,1,1,1,1,1,1,1,2,2,0,10,21.0,0
25,1,173,62,1,1,1,1,1,1,1,1,1,1,2,1,0,10,21.0,0
26,1,175,73,1,1,2,1,1,1,1,1,1,1,2,1,0,50,24.0,0
25,1,165,67,2,2,3,1,1,1,1,1,1,1,2,1,0,48,25.0,0
27,1,172,76,1,2,2,1,1,1,1,1,1,1,2,1,0,50,26.0,0
20,1,180,65,2,1,1,1,1,1,1,1,1,1,1,1,0,50,20.0,0
26,1,172,73,2,2,2,1,1,1,1,1,1,1,2,1,0,40,25.0,0
27,1,182,86,2,1,1,1,1,1,1,2,1,1,1,1,4,40,26.0,0
22,1,178,65,2,1,3,1,1,1,1,1,1,1,2,1,0,50,21.0,0
22,1,170,61,2,1,3,1,1,1,1,1,1,1,1,1,0,46,21.0,0
20,1,168,60,3,1,2,1,1,1,1,1,1,1,1,1,0,50,21.0,0
22,1,168,65,1,1,2,1,1,1,1,1,1,1,1,1,0,10,23.0,0
22,1,173,63,1,1,2,1,1,1,1,1,1,1,2,1,0,50,21.0,0
21,1,180,80,1,1,3,1,1,1,1,1,1,1,1,1,0,10,25.0,0
34,1,172,82,2,2,4,1,1,1,1,1,1,1,1,1,0,50,28.0,0
25,1,175,70,2,1,1,1,1,1,1,1,1,1,2,1,0,39,23.0,0
21,1,180,80,1,1,1,1,1,1,1,1,1,1,2,1,0,35,25.0,0
22,1,170,64,1,1,1,1,2,2,1,2,1,1,1,1,0,30,22.0,0
23,1,173,67,1,1,3,1,1,1,1,1,1,1,1,1,0,50,22.0,0
23,1,175,77,2,1,3,1,2,1,1,1,1,1,2,1,0,50,25.0,0
23,1,180,73,3,1,3,1,1,1,1,1,1,1,2,1,0,10,23.0,0
24,1,175,70,2,1,3,1,1,1,1,1,1,1,1,1,2,48,23.0,0
27,1,165,65,3,1,2,1,1,1,1,1,1,1,1,1,0,10,24.0,0
20,1,173,63,3,3,2,1,1,1,1,1,1,1,2,1,0,10,21.0,0
21,1,175,70,1,1,2,1,1,1,1,1,1,1,1,1,0,50,23.0,0
20,1,170,120,3,1,2,2,1,1,1,1,1,1,1,1,0,50,42.0,0
25,1,177,71,1,1,2,1,1,1,1,1,1,1,2,1,0,50,23.0,0
20,1,172,62,1,1,4,1,2,2,2,1,1,1,1,1,0,50,21.0,0
25,1,171,120,1,1,2,1,1,1,1,1,1,1,1,1,0,50,41.0,0
28,1,170,70,2,2,4,1,1,1,1,1,1,1,2,1,0,40,24.0,0
23,1,175,62,1,1,3,1,1,1,1,1,1,1,1,1,0,50,20.0,0
22,1,181,80,1,1,1,1,1,1,1,1,1,1,1,2,0,50,24.0,0
22,1,170,60,1,1,3,1,1,1,1,1,1,1,1,1,0,50,21.0,0
23,1,183,71,1,1,2,1,2,1,1,2,1,1,2,1,0,50,21.0,0
24,1,165,65,2,1,1,1,1,1,1,1,1,1,1,1,0,32,24.0,0
21,1,177,65,1,1,3,1,1,1,1,1,1,1,1,1,0,50,21.0,0
21,1,168,55,1,1,2,1,1,1,1,1,1,1,1,1,0,50,19.0,0
26,1,174,72,1,1,2,1,1,1,1,1,1,1,1,1,0,50,24.0,0
22,1,178,40,1,1,4,1,1,1,1,1,1,1,1,1,0,10,13.0,0
23,1,177,75,1,1,2,1,1,1,1,1,1,1,1,1,0,40,24.0,0
21,1,173,75,1,1,4,1,1,1,1,2,1,1,2,2,0,50,25.0,0
26,1,178,70,1,1,2,1,1,1,1,1,1,1,1,1,0,50,22.0,0
21,1,180,77,1,1,3,1,1,1,1,1,1,1,1,1,0,50,24.0,0
27,1,170,56,1,1,1,1,2,1,1,1,1,1,2,1,21,48,19.0,0
24,1,173,60,1,1,1,1,1,1,1,1,1,1,1,1,0,10,20.0,0
24,1,178,70,1,1,2,1,1,1,1,2,1,1,1,1,3,40,22.0,0
28,1,165,73,1,1,3,1,1,1,1,1,1,1,1,1,0,10,27.0,0
23,1,183,65,1,1,1,1,1,1,1,1,1,1,1,1,0,10,19.0,0
22,1,182,65,1,1,3,1,1,1,1,1,1,1,2,1,0,50,20.0,0
27,1,177,70,2,2,2,1,1,1,1,1,1,1,2,1,0,50,22.0,0
22,1,182,70,1,1,4,1,1,1,1,1,1,1,2,2,0,50,21.0,0
21,1,175,60,2,1,2,1,1,1,1,1,1,1,2,1,0,50,20.0,0
20,1,174,64,1,1,3,1,1,1,1,1,1,1,1,1,0,10,21.0,0
20,1,179,69,3,1,2,1,1,1,1,1,1,1,2,1,0,50,22.0,0
23,1,170,63,2,1,2,1,1,1,1,1,1,1,1,1,0,10,22.0,0
23,1,177,75,2,1,3,1,1,1,1,1,1,1,2,1,0,10,24.0,0
27,1,188,85,1,1,4,1,1,1,1,1,1,1,2,1,0,42,24.0,0
33,1,186,100,3,2,1,1,1,1,1,1,1,1,2,1,0,10,29.0,0
28,1,175,75,2,2,4,1,1,1,1,1,1,1,2,1,0,10,24.0,0
23,1,175,70,2,1,2,1,1,1,1,1,1,1,2,1,2,35,23.0,0
22,1,175,62,3,1,2,1,1,1,1,1,1,1,1,1,0,50,20.0,0
24,1,172,70,1,1,1,1,1,1,1,1,1,1,1,1,7,46,24.0,0
24,1,173,62,1,1,3,1,1,1,1,1,1,1,1,1,0,41,21.0,0
21,1,178,73,1,1,2,1,1,1,1,1,1,1,1,1,2,36,23.0,0
29,1,173,66,2,2,4,1,1,1,1,1,1,1,1,1,1,10,22.0,0
21,1,170,68,1,1,4,1,1,1,1,1,1,1,1,1,1,50,24.0,0
22,1,168,66,1,1,3,1,1,1,1,1,1,1,1,1,2,50,23.0,0
24,1,174,67,2,1,3,1,1,1,1,1,1,1,1,1,0,10,22.0,0
28,1,166,60,1,2,2,1,1,1,1,1,1,1,1,1,0,50,22.0,0
22,1,170,56,1,1,2,1,1,1,1,1,1,1,1,1,0,41,19.0,0
20,1,186,87,2,1,4,2,1,1,1,1,1,1,2,2,0,50,25.0,0
26,1,170,65,3,1,2,1,1,1,1,1,1,1,2,1,0,10,22.0,0
33,1,173,73,2,2,4,1,1,1,1,1,1,1,2,1,0,10,24.0,0
30,1,181,75,1,2,1,1,1,1,1,1,1,1,1,1,1,49,23.0,0
22,1,175,68,3,1,2,1,1,1,1,2,1,1,2,1,0,50,22.0,0
20,1,170,60,1,1,3,1,1,1,1,1,1,1,1,1,0,50,21.0,0
23,1,175,65,2,1,3,1,1,1,1,1,1,1,1,1,0,50,21.0,0
21,1,175,65,1,1,1,1,1,1,1,1,1,1,1,1,0,50,21.0,0
22,1,170,65,3,1,1,1,1,1,1,1,1,1,1,1,0,10,22.0,0
21,1,182,80,3,1,3,1,1,1,1,1,1,1,1,1,10,46,24.0,0
24,1,173,69,1,1,2,1,1,1,1,1,1,1,2,2,0,46,23.0,0
21,1,178,60,3,1,2,1,1,1,1,1,1,1,1,1,1,10,19.0,0
21,1,170,65,3,1,1,1,1,1,1,1,1,1,1,1,0,39,22.0,0
21,1,175,73,3,1,4,1,1,1,1,1,1,1,1,1,0,10,24.0,0
30,1,171,68,2,2,1,1,1,1,1,1,1,1,2,1,0,30,23.0,0
21,1,174,67,3,1,2,1,1,1,1,1,1,1,2,1,2,50,22.0,0
28,1,175,80,1,2,4,1,1,1,1,1,1,1,1,1,0,42,26.0,0
25,1,165,65,1,1,4,1,1,1,1,1,1,1,2,1,0,50,24.0,0
29,1,171,76,2,2,2,1,1,1,1,1,1,1,1,1,0,10,26.0,0
25,1,177,74,2,2,3,1,1,1,1,1,1,1,2,1,0,44,24.0,0
21,1,173,110,3,1,3,2,1,1,1,1,1,1,1,1,0,50,37.0,0
37,1,172,74,1,2,4,1,1,1,1,2,1,1,1,1,0,50,25.0,0
21,1,170,68,1,1,2,1,1,1,1,1,1,1,1,1,0,40,24.0,0
22,1,180,84,1,1,4,1,1,1,1,1,1,1,2,1,1,40,26.0,0
21,1,181,65,3,1,2,1,1,1,1,1,1,1,1,1,0,50,20.0,0
22,1,178,65,1,1,4,1,1,1,1,1,1,1,1,1,0,50,21.0,0
26,1,175,70,2,1,1,1,1,1,1,1,1,1,2,1,0,50,23.0,0
26,1,167,115,1,1,2,1,1,1,1,1,1,1,1,1,0,10,41.0,0
32,1,183,80,1,2,1,1,1,1,1,1,1,1,1,1,0,10,24.0,0
22,1,176,80,3,1,3,1,1,1,1,1,1,1,1,1,0,50,26.0,0
25,1,175,75,1,1,2,1,1,1,1,1,1,1,2,1,0,50,24.0,0
24,1,180,74,2,1,1,1,1,1,1,1,1,1,1,1,0,50,23.0,0
23,1,178,65,3,1,3,1,1,1,1,1,1,1,2,1,0,50,21.0,0
25,1,175,68,1,1,1,1,1,1,1,1,1,1,1,1,0,10,22.0,0
24,1,170,74,1,1,1,1,1,1,1,1,1,1,1,1,0,50,26.0,0
29,1,172,76,1,1,1,1,1,1,1,1,1,1,1,1,0,46,26.0,0
21,1,170,65,2,1,2,1,1,1,1,1,1,1,1,1,0,10,22.0,0
20,1,173,70,3,1,1,1,1,1,1,1,1,1,2,1,0,49,23.0,0
25,1,174,68,3,1,2,1,1,1,1,1,1,1,1,1,0,40,22.0,0
22,1,175,65,1,1,4,1,1,1,1,1,1,1,1,1,0,49,21.0,0
22,1,170,70,1,1,1,1,1,1,1,1,1,1,1,1,0,50,24.0,0
19,1,179,68,3,1,2,1,1,1,1,1,1,1,2,1,0,39,21.0,0
23,1,175,70,1,1,2,1,1,1,1,1,1,1,1,1,1,46,23.0,0
23,1,176,70,2,1,2,1,1,1,1,1,1,1,2,1,0,50,23.0,0
32,1,177,65,3,1,3,1,1,1,1,1,1,1,1,1,2,10,21.0,0
20,1,178,72,1,1,1,1,1,1,1,1,1,1,1,1,1,50,23.0,0
23,1,173,75,2,1,2,1,1,1,1,1,1,1,2,1,0,10,25.0,0
21,1,172,58,2,1,3,1,1,1,1,1,1,1,2,1,0,10,20.0,0
34,1,165,120,1,2,1,1,2,2,1,1,1,1,2,1,0,50,44.0,0
24,1,170,65,3,1,2,1,1,1,1,1,1,1,1,1,0,48,22.0,0
24,1,173,73,1,1,1,1,1,1,1,1,1,1,2,1,0,48,24.0,0
21,1,180,72,2,1,1,1,1,1,1,1,1,1,2,1,4,30,22.0,0
22,1,175,120,1,1,1,1,1,1,1,1,1,1,1,1,0,40,39.0,0
21,1,179,70,1,1,1,1,1,1,1,1,1,1,1,1,7,40,22.0,0
22,1,173,120,2,1,1,1,1,1,1,1,1,1,1,1,2,35,40.0,0
22,1,173,64,2,1,4,1,1,1,1,1,1,1,1,1,0,10,21.0,0
21,1,167,60,2,1,2,1,1,1,1,1,1,1,1,1,0,50,22.0,0
22,1,165,66,2,1,1,1,1,1,1,1,1,1,2,1,3,10,24.0,0
23,1,170,60,2,1,3,1,1,1,1,1,1,1,2,1,0,50,21.0,0
27,1,175,65,1,1,1,1,1,1,1,1,1,1,1,1,0,41,21.0,0
21,1,175,70,1,1,2,2,1,1,1,1,1,1,1,1,14,40,23.0,0
20,1,175,75,1,1,3,1,1,1,1,1,1,1,2,1,2,49,24.0,0
22,1,179,65,1,1,3,1,1,1,1,1,1,1,1,1,0,50,20.0,0
22,1,171,75,1,1,1,1,1,1,1,1,1,1,1,1,0,49,26.0,0
23,1,180,68,1,1,2,1,1,1,1,1,1,1,2,1,0,40,21.0,0
21,1,170,72,3,1,1,1,2,1,1,1,1,1,1,1,0,37,25.0,0
21,1,172,59,1,1,2,1,1,1,1,1,1,1,1,1,1,40,20.0,0
20,1,176,69,1,1,2,1,1,1,1,1,1,1,1,1,0,40,22.0,0
30,1,175,70,1,2,4,1,1,1,1,1,1,1,2,1,0,47,23.0,0
25,1,175,80,1,1,3,1,1,1,1,1,1,1,2,1,0,50,26.0,0
21,1,170,63,3,1,3,1,1,1,1,1,1,1,1,1,0,50,22.0,0
33,1,173,74,1,1,4,1,1,1,1,1,1,1,1,1,0,10,25.0,0
35,1,170,84,1,2,4,1,1,1,1,1,1,1,1,1,0,50,29.0,0
23,1,181,60,1,1,2,1,1,1,1,1,1,1,1,1,0,50,18.0,0
26,1,177,72,3,1,4,1,1,1,1,1,1,1,1,1,0,10,23.0,0
22,1,170,120,1,1,2,1,1,1,1,1,1,1,2,1,0,50,42.0,0
23,1,174,73,3,1,4,1,1,1,1,1,1,1,1,1,0,50,24.0,0
22,2,172,52,1,1,3,1,1,1,1,1,1,1,1,1,1,45,18.0,0
22,1,166,65,3,1,2,1,1,1,1,1,1,1,1,1,0,10,24.0,0
22,1,175,70,2,1,2,1,1,1,1,1,1,1,1,1,0,46,23.0,0
25,1,170,61,2,1,2,1,1,1,1,1,1,1,1,1,0,50,21.0,0
27,1,185,92,1,3,4,1,1,1,1,1,1,1,2,1,0,10,27.0,0
22,1,173,70,3,1,2,1,1,1,1,1,1,1,1,1,0,50,23.0,0
23,1,178,70,1,1,4,1,1,1,1,1,1,1,2,1,0,48,22.0,0
26,1,182,90,3,1,3,1,1,1,1,1,1,1,1,1,0,10,27.0,0
22,1,181,70,1,1,2,1,1,1,1,1,1,1,1,1,0,50,21.0,0
21,1,176,61,1,1,1,1,1,1,1,1,1,1,1,1,0,50,20.0,0
22,1,173,75,1,1,2,1,1,1,1,1,1,1,2,1,0,49,25.0,0
21,1,169,61,1,1,1,1,1,1,1,1,1,1,2,1,0,37,21.0,0
21,1,175,70,1,1,2,1,1,1,1,1,1,1,2,1,0,50,23.0,0
28,1,170,66,2,2,2,1,1,1,1,1,1,1,1,1,0,10,23.0,0
23,1,172,70,3,1,2,1,1,1,1,1,1,1,2,1,0,10,24.0,0
21,1,169,65,1,1,4,1,1,1,1,1,1,1,1,1,0,50,23.0,0
21,1,182,65,3,1,3,1,1,1,1,1,1,1,2,1,0,50,20.0,0
28,1,170,62,2,2,2,1,1,2,1,1,1,1,2,1,0,10,21.0,0
29,1,178,85,1,1,4,1,1,1,1,1,1,1,1,1,0,10,27.0,0
21,1,178,70,1,1,3,1,1,1,1,1,1,1,2,1,0,10,22.0,0
22,1,183,80,2,1,1,1,1,1,1,1,1,1,1,1,0,50,24.0,0
26,1,176,80,1,1,1,1,1,1,1,1,1,1,2,2,0,40,26.0,0
28,1,165,65,3,2,4,1,1,1,1,1,1,1,2,1,0,10,24.0,0
21,1,170,66,1,1,1,1,1,1,1,1,1,1,1,1,0,40,23.0,0
21,1,175,60,3,1,1,1,1,1,1,1,1,1,2,1,0,50,20.0,0
27,1,174,76,1,2,3,1,1,1,1,1,1,1,2,1,0,50,25.0,0
27,1,174,80,1,1,4,1,1,1,1,1,1,1,1,1,0,50,26.0,0
22,1,180,70,1,1,2,1,1,1,1,1,1,1,1,1,0,50,22.0,0
21,1,177,77,2,1,2,1,1,1,1,1,1,1,2,1,0,48,25.0,0
21,1,175,65,1,1,2,1,1,1,1,1,1,1,1,1,0,50,21.0,0
23,1,175,68,2,1,3,1,1,1,1,1,1,1,1,1,0,48,22.0,0
19,1,178,120,2,1,3,1,1,1,1,1,1,1,1,1,1,50,38.0,0
26,1,175,61,2,1,1,1,1,1,1,1,1,1,1,1,0,12,20.0,0
26,1,178,70,1,1,1,1,2,1,1,1,1,1,1,1,4,40,22.0,0
26,1,170,65,1,1,2,1,1,1,1,1,1,1,2,2,0,48,22.0,0
25,1,175,70,1,1,2,1,1,1,1,1,1,1,1,1,0,50,23.0,0
24,1,170,70,2,1,2,1,1,1,1,1,1,1,1,1,1,50,24.0,0
29,1,165,75,1,2,2,1,1,1,1,1,1,1,1,1,0,21,28.0,0
22,1,170,65,3,1,1,2,1,2,1,2,1,1,2,1,0,45,22.0,0
33,1,175,65,2,2,2,1,1,1,1,1,1,1,1,1,0,50,21.0,0
20,1,184,68,2,1,1,1,1,1,1,1,1,1,1,1,2,42,20.0,0
27,1,175,64,1,1,3,1,1,1,1,1,1,1,1,1,0,50,21.0,0
20,1,174,68,3,1,2,1,1,1,1,2,1,1,1,1,18,42,22.0,0
20,1,175,70,1,1,3,1,1,1,1,2,1,1,2,1,2,39,23.0,0
25,1,178,60,1,1,1,1,1,1,1,1,1,1,1,1,0,50,19.0,0
24,1,169,110,1,1,3,1,1,1,1,1,1,1,2,1,0,50,39.0,0
28,1,170,62,1,2,4,1,1,1,1,1,1,1,2,1,0,50,21.0,0
34,1,172,72,1,1,2,1,1,1,1,2,1,1,1,1,12,31,24.0,0
32,1,168,66,1,2,3,1,1,1,1,1,1,1,2,1,0,50,23.0,0
23,1,175,67,1,1,2,1,1,1,1,1,1,1,2,1,0,10,22.0,0
25,1,172,65,3,1,2,1,1,1,1,1,1,1,1,1,0,10,22.0,0
26,1,178,82,1,2,4,1,1,1,1,1,1,1,2,1,0,50,26.0,0
25,1,172,64,3,1,1,1,1,1,1,1,1,1,1,1,2,50,22.0,0
22,1,176,60,3,1,2,1,1,1,1,1,1,1,1,1,0,50,19.0,0
22,1,170,60,1,1,1,1,1,1,1,1,1,1,1,1,0,50,21.0,0
21,1,182,80,2,1,4,1,1,1,1,1,1,1,2,1,2,50,24.0,0
23,1,178,120,1,1,3,1,1,1,1,2,1,1,1,1,0,50,38.0,0
19,1,176,70,2,1,1,1,1,1,1,1,1,1,2,1,2,50,23.0,0
24,1,171,68,2,1,4,1,1,1,1,1,1,1,2,1,0,50,23.0,0
30,1,180,75,1,2,4,1,1,1,1,1,1,1,1,1,0,10,23.0,0
22,1,178,75,1,1,2,1,1,1,1,1,1,1,1,1,0,49,24.0,0
26,1,174,65,2,2,2,1,1,1,1,1,1,1,1,1,0,50,21.0,0
24,1,172,63,2,1,3,1,1,1,1,1,1,1,2,1,0,49,21.0,0
22,1,167,61,2,1,1,1,1,1,1,1,1,1,1,1,0,49,22.0,0
21,1,173,60,3,1,3,1,1,2,2,2,1,1,2,1,0,10,20.0,0
25,1,173,74,2,1,3,1,1,1,1,1,1,1,1,1,0,10,25.0,0
21,1,170,62,2,1,2,1,1,1,1,1,1,1,1,1,0,10,21.0,0
20,1,175,65,1,1,1,1,1,1,1,1,1,1,1,1,0,42,21.0,0
31,1,170,65,2,2,4,1,1,1,1,1,1,1,2,1,0,50,22.0,0
24,1,178,75,1,1,1,1,1,1,1,1,1,1,1,1,1,10,24.0,0
23,1,174,75,3,1,1,1,1,1,1,2,1,1,2,1,0,43,25.0,0
36,1,167,63,2,2,2,1,1,1,1,1,1,1,2,1,0,30,23.0,0
20,1,189,74,2,1,4,1,1,1,1,1,1,1,1,1,0,50,21.0,0
22,2,172,118,2,1,4,1,1,1,1,1,1,1,1,1,0,50,40.0,0
23,1,177,80,2,1,3,1,1,1,1,1,1,1,2,1,0,50,26.0,0
30,1,173,80,2,2,4,1,1,1,1,2,1,1,2,1,21,31,27.0,0
24,1,172,65,1,1,4,1,1,1,1,1,1,1,1,1,1,48,22.0,0
22,1,178,75,1,1,1,1,1,1,1,1,1,1,1,1,24,39,24.0,0
28,1,170,65,1,1,2,1,1,1,1,1,1,1,1,1,1,50,22.0,0
22,1,170,65,3,1,3,1,1,1,1,1,1,1,1,1,0,50,22.0,0
24,1,175,120,2,1,3,1,1,1,1,1,1,1,1,1,0,50,39.0,0
23,1,175,67,1,1,2,1,1,1,1,1,1,1,1,1,7,41,22.0,0
22,1,180,69,1,1,2,1,1,1,1,1,1,1,2,2,0,40,21.0,0
20,2,170,66,1,1,2,1,1,1,1,1,1,1,1,1,0,40,23.0,0
21,1,173,80,1,1,1,1,1,1,1,1,1,1,2,1,13,38,27.0,0
23,1,180,70,1,1,2,1,1,1,1,1,1,1,1,1,0,50,22.0,0
32,1,172,70,1,3,2,1,1,1,1,1,1,1,1,1,0,40,24.0,0
34,1,171,84,1,2,4,1,1,1,1,1,1,1,2,1,0,44,29.0,0
20,1,170,61,2,1,2,1,1,1,1,1,1,1,1,1,0,10,21.0,0
21,1,180,70,3,1,1,1,1,1,1,1,1,1,1,1,0,50,22.0,0
25,1,178,80,3,1,2,1,1,1,1,1,1,1,1,1,2,11,25.0,0
20,1,175,62,1,1,2,1,1,1,1,1,1,1,1,1,0,49,20.0,0
22,1,175,70,1,1,2,1,1,1,1,1,1,1,1,2,0,50,23.0,0
22,1,170,66,2,1,2,1,1,1,1,1,1,1,2,1,0,38,23.0,0
26,1,175,67,1,2,3,1,1,1,1,1,1,1,2,2,0,10,22.0,0
23,1,177,76,1,1,2,1,1,1,1,1,1,1,1,1,2,49,24.0,0
25,1,172,60,1,1,2,1,1,1,1,1,1,1,1,1,0,50,20.0,0
25,1,170,70,1,1,4,1,1,1,1,1,1,1,1,1,0,10,24.0,0
30,1,178,83,2,2,4,1,1,1,1,1,1,1,1,1,0,50,26.0,0
34,1,170,80,3,2,2,1,1,1,1,1,1,1,1,1,0,10,28.0,0
24,1,170,60,1,1,1,1,1,1,1,1,1,1,1,1,0,50,21.0,0
21,1,172,120,3,1,2,1,1,1,1,1,1,1,1,1,0,10,41.0,0
25,1,168,60,1,1,2,1,1,1,1,1,1,1,2,1,2,48,21.0,0
27,2,160,60,1,2,3,1,1,1,1,1,1,1,1,1,0,50,23.0,0
21,1,175,70,1,1,3,1,1,1,1,1,1,1,1,1,0,50,23.0,0
26,1,175,77,1,1,3,1,1,1,1,1,1,1,2,1,0,50,25.0,0
26,1,172,68,1,2,1,1,1,1,1,1,1,1,2,2,0,50,23.0,0
21,1,172,112,3,1,2,1,1,1,1,1,1,1,1,1,0,40,38.0,0
26,1,168,70,3,2,3,1,1,1,1,1,1,1,1,1,0,50,25.0,0
21,1,169,62,3,1,1,1,1,1,1,1,1,1,1,1,0,50,22.0,0
24,1,176,68,1,1,1,1,1,1,1,1,1,1,2,2,0,46,22.0,0
23,1,180,75,1,1,2,1,1,1,1,1,1,1,2,1,0,50,23.0,0
23,2,165,60,1,1,1,1,1,1,1,2,1,1,1,1,20,40,22.0,0
30,1,175,74,1,2,2,1,1,1,1,2,1,1,1,1,0,50,24.0,0
22,1,176,60,1,1,4,1,1,1,1,1,1,1,1,1,0,30,19.0,0
21,1,175,60,1,1,1,1,1,1,1,1,1,1,1,1,0,49,20.0,0
35,1,172,63,1,2,4,1,1,1,1,1,1,1,1,1,0,50,21.0,0
32,1,171,67,1,2,1,1,1,1,1,1,1,1,1,1,0,40,23.0,0
29,1,173,62,2,1,2,1,2,1,1,1,1,1,1,1,0,50,21.0,0
42,2,158,60,1,2,3,1,1,2,1,2,1,1,1,1,21,29,24.0,0
23,1,183,77,1,1,3,1,1,2,2,1,1,1,2,1,4,10,23.0,0
22,1,178,77,1,1,1,1,1,1,1,1,1,1,1,1,0,10,24.0,0
22,1,174,65,1,1,2,1,1,1,1,1,1,1,1,1,0,10,21.0,0
22,1,160,60,2,1,1,1,1,1,1,1,1,1,2,1,0,10,23.0,0
24,1,175,68,2,1,2,1,1,1,1,1,1,1,2,1,0,47,22.0,0
25,1,168,65,2,1,1,1,1,1,1,1,1,1,1,1,0,50,23.0,0
25,1,180,80,1,1,4,1,1,1,1,1,1,1,1,1,0,10,25.0,0
21,1,175,60,3,1,1,1,1,1,1,1,1,1,2,2,0,50,20.0,0
27,1,168,62,1,1,4,1,1,1,1,2,1,1,1,1,0,40,22.0,0
23,1,177,65,1,1,2,1,1,1,1,1,1,1,1,1,0,47,21.0,0
23,1,168,55,1,1,1,1,1,1,1,1,1,1,1,1,0,31,19.0,0
23,1,175,68,1,1,3,1,1,1,1,1,1,1,2,2,0,50,22.0,0
22,1,170,65,2,1,2,1,1,1,1,1,1,1,1,1,0,50,22.0,0
23,2,168,52,2,1,4,1,1,1,1,1,1,1,1,1,0,30,18.0,0
20,1,162,52,1,1,1,1,1,1,1,1,1,1,2,1,0,43,20.0,0
27,1,172,75,1,1,2,1,1,1,1,1,1,1,2,1,0,50,25.0,0
21,1,166,68,2,1,3,1,1,1,1,1,1,1,1,1,0,39,25.0,0
21,1,170,60,1,1,3,1,1,1,1,1,1,1,1,1,0,48,21.0,0
24,1,200,90,1,1,2,1,1,1,1,1,1,1,2,2,0,50,23.0,0
23,1,178,66,2,1,2,1,1,1,1,2,1,1,1,1,0,46,21.0,0
27,1,172,81,2,1,2,1,1,1,1,1,1,1,2,1,0,50,27.0,0
24,1,183,75,2,1,4,1,1,1,1,1,1,1,2,1,0,50,22.0,0
20,1,175,60,3,1,1,1,1,1,1,1,1,1,2,1,1,50,20.0,0
29,1,186,94,1,2,4,1,1,1,1,1,1,1,1,1,0,50,27.0,0
27,1,170,62,2,1,4,1,1,1,1,2,1,1,1,1,0,50,21.0,0
26,1,174,90,3,1,1,1,1,1,1,1,1,1,2,1,0,50,30.0,0
24,1,178,72,1,1,3,2,1,1,1,1,1,1,1,1,0,50,23.0,0
21,1,180,65,2,1,2,1,1,2,2,2,1,1,1,1,2,45,20.0,0
25,1,178,78,2,1,3,1,1,1,1,1,1,1,2,1,0,16,25.0,0
23,1,168,57,2,1,3,1,1,1,1,1,1,1,1,1,0,50,20.0,0
25,1,168,82,2,1,1,1,1,1,1,1,1,1,1,1,0,50,29.0,0
29,1,172,65,1,1,4,1,1,1,1,1,1,1,1,1,0,50,22.0,0
22,1,180,73,2,1,1,1,1,1,1,1,1,1,2,1,0,10,23.0,0
20,1,177,75,3,1,1,1,1,1,1,1,1,1,2,1,0,38,24.0,0
20,1,167,60,1,1,2,1,1,1,1,1,1,1,1,1,0,36,22.0,0
22,1,170,65,2,1,2,1,1,1,1,1,1,1,2,1,0,10,22.0,0
26,1,175,78,3,1,1,1,1,1,1,1,1,1,1,1,0,45,25.0,0
21,1,178,40,2,1,2,1,1,1,1,1,1,1,2,1,0,10,13.0,0
26,1,169,65,3,1,2,1,1,1,1,1,1,1,1,1,2,41,23.0,0
28,1,175,65,2,1,2,1,1,1,1,1,1,1,2,1,0,50,21.0,0
19,1,171,56,3,1,1,1,1,1,1,1,1,1,2,1,0,50,19.0,0
20,1,175,75,3,1,2,2,1,1,1,1,1,1,2,1,0,45,24.0,0
23,1,183,70,1,1,2,1,1,1,1,1,1,1,1,1,0,10,21.0,0
20,1,170,110,3,1,1,1,1,1,1,1,1,1,2,1,0,50,38.0,0
22,1,174,67,1,1,1,1,1,1,1,1,1,1,1,2,0,42,22.0,0
24,1,172,65,1,1,2,1,1,1,1,1,1,1,2,1,0,10,22.0,0
24,1,170,70,1,1,1,2,1,1,1,1,1,1,2,1,0,10,24.0,0
32,1,187,75,1,2,4,1,1,1,1,1,1,1,1,1,0,10,21.0,0
22,1,170,60,1,1,3,1,1,1,1,1,1,1,1,1,0,10,21.0,0
20,1,170,70,1,1,2,1,1,1,1,1,1,1,2,1,0,50,24.0,0
21,1,178,78,1,1,1,1,1,1,1,1,1,1,1,1,0,50,25.0,0
26,1,173,75,1,2,1,1,1,1,1,1,1,1,2,1,0,48,25.0,0
24,1,178,70,1,1,1,1,1,1,1,1,1,1,1,1,0,50,22.0,0
25,1,178,62,1,1,4,1,1,1,1,1,1,1,1,1,0,30,20.0,0
32,1,177,62,2,2,1,1,1,1,2,1,1,1,2,1,0,50,20.0,0
23,1,173,60,1,1,1,1,1,1,1,1,1,1,1,1,0,50,20.0,0
28,1,175,63,1,1,4,1,2,1,1,1,1,1,1,1,0,10,21.0,0
32,1,175,70,1,2,4,1,1,1,1,1,1,1,1,1,1,50,23.0,0
23,1,170,115,1,1,1,1,1,1,1,1,1,1,1,1,0,50,40.0,0
33,1,177,84,1,2,4,1,1,1,1,2,1,1,1,1,0,47,27.0,0
27,1,170,60,1,1,1,1,1,1,1,2,1,1,2,1,2,50,21.0,0
23,1,176,68,1,1,1,1,1,1,1,1,1,1,1,1,0,50,22.0,0
31,1,182,78,1,2,4,1,1,1,1,1,1,1,1,2,3,10,24.0,0
32,1,175,72,1,2,2,1,1,1,1,1,1,1,1,1,0,50,24.0,0
24,1,182,70,1,1,4,1,1,1,1,1,1,1,1,1,0,50,21.0,0
23,1,172,70,1,1,1,1,1,1,1,1,1,1,2,1,0,50,24.0,0
25,1,170,58,2,1,2,1,1,2,2,2,1,1,2,1,0,47,20.0,0
24,1,174,60,2,1,2,1,1,1,1,1,1,1,2,2,1,35,20.0,0
25,1,170,65,1,1,1,1,1,1,1,1,1,1,1,1,0,10,22.0,0
23,1,173,70,1,1,2,1,1,1,1,1,1,1,1,1,0,42,23.0,0
20,1,174,115,3,1,4,1,1,1,1,1,1,1,2,1,0,50,38.0,0
23,1,173,67,1,1,3,1,1,1,1,1,1,1,2,1,0,50,22.0,0
31,1,181,90,1,2,3,1,1,1,1,1,1,1,1,1,0,10,27.0,0
35,1,175,74,1,2,4,1,1,1,1,1,1,1,1,1,0,26,24.0,0
35,1,184,79,1,2,4,1,1,1,1,1,1,1,2,1,0,10,23.0,0
27,1,170,60,1,1,3,1,1,1,1,1,1,1,1,1,1,50,21.0,0
28,1,180,75,1,1,3,1,1,1,1,1,1,1,1,1,0,39,23.0,0
30,1,175,85,1,2,3,1,1,1,1,1,1,1,1,1,0,10,28.0,0
27,1,170,65,1,1,2,1,1,1,1,1,1,1,1,1,0,50,22.0,0
26,1,173,76,2,1,4,1,1,1,1,1,1,1,1,2,4,50,25.0,0
30,1,169,64,2,2,4,1,1,1,1,1,1,1,2,1,0,10,22.0,0
32,1,180,68,1,2,3,1,1,1,1,1,1,1,2,1,0,40,21.0,0
29,1,169,63,1,1,1,1,1,1,1,1,1,1,1,1,0,50,22.0,0
22,1,175,67,1,1,2,1,1,1,1,1,1,1,2,1,0,40,22.0,0
30,1,168,67,2,2,2,1,1,1,1,1,1,1,1,1,0,50,24.0,0
20,1,176,62,1,1,1,1,1,1,1,1,1,1,1,1,0,50,20.0,0
27,1,170,70,2,1,1,1,1,1,1,1,1,1,2,1,0,47,24.0,0
26,1,187,85,1,1,2,1,1,1,1,1,1,1,1,1,0,40,24.0,0
22,1,169,120,3,1,1,1,1,1,1,1,1,1,1,1,0,10,42.0,0
20,1,178,80,3,1,2,1,1,1,1,1,1,1,1,1,0,50,25.0,0
21,1,178,89,1,1,2,1,1,1,1,1,1,1,1,1,1,50,28.0,0
36,1,175,70,1,2,2,1,1,1,1,1,1,1,1,1,0,40,23.0,0
25,1,175,69,1,1,3,1,1,1,1,1,1,1,1,1,1,48,23.0,0
30,1,176,75,1,2,4,1,1,1,1,1,1,1,2,1,0,49,24.0,0
26,1,162,60,1,1,4,1,1,1,1,1,1,1,1,1,0,50,23.0,0
22,1,160,58,1,1,2,1,1,1,1,1,1,1,2,1,40,20,22.65625,1
25,1,170,73,2,1,1,1,1,1,1,2,1,1,2,2,44,47,25.0,1
25,1,179,80,1,1,4,1,1,1,1,2,2,2,1,1,57,13,25.0,1
29,2,174,67,1,2,4,1,1,1,2,2,1,1,1,2,39,24,22.0,1
34,1,168,67,1,2,4,1,1,1,1,2,1,1,1,1,72,10,24.0,1
25,1,154,63,1,1,0,0,1,0,1,1,0,1,1,0,1,10,28.626129801758555,0
42,0,153,58,1,0,1,1,0,1,1,1,1,1,0,1,1,34,25.12011231912669,0
20,1,150,66,1,0,1,1,1,1,0,1,1,1,1,0,1,20,27.000013904999392,0
31,1,176,80,1,0,1,1,0,1,1,1,1,1,0,0,0,27,24.41123007083737,0
31,1,157,55,1,1,1,1,1,1,1,1,0,0,0,1,1,24,28.0774675528667,0
59,0,153,61,0,1,1,1,1,0,1,0,1,1,0,0,0,32,19.42858448343217,0
34,0,175,69,1,1,1,1,1,1,0,1,1,0,0,0,0,28,23.49986738668256,0
23,1,165,89,1,0,0,0,1,1,1,1,1,1,0,1,0,33,18.112360911139177,0
58,1,155,59,1,1,0,1,1,1,0,1,1,1,0,1,0,22,19.157198295777366,0
38,1,183,51,0,0,0,1,1,1,0,1,1,0,1,0,0,38,29.21946914231125,0
48,0,177,66,1,0,1,1,1,1,0,1,1,1,1,1,0,24,26.249389994336724,0
44,0,168,85,0,1,0,1,1,1,1,0,1,0,1,0,0,15,21.70070536627188,0
51,0,153,68,1,1,0,0,0,1,1,0,1,1,0,0,1,19,23.22441586881977,0
40,0,161,90,1,0,0,0,0,1,1,1,0,1,0,0,1,26,27.728245969719985,0
58,1,156,51,0,1,0,1,1,0,0,1,0,1,1,1,0,29,26.174295361559,0
34,0,160,77,1,0,0,0,1,1,1,1,1,1,1,0,0,26,23.26155104300065,0
28,0,162,60,0,1,1,1,0,0,1,1,1,0,1,1,1,27,29.203555954124607,0
23,0,167,70,0,0,0,1,0,1,1,0,1,1,1,0,1,17,28.637068387717203,0
47,1,153,89,1,0,0,1,1,0,0,0,1,1,0,1,0,36,23.50968450588949,0
39,1,183,59,1,0,0,1,1,1,1,1,1,0,0,0,1,39,18.66335584343589,0
23,1,174,57,1,0,0,1,1,1,1,1,0,1,0,0,1,39,28.36710503392903,0
46,1,166,84,1,0,0,1,1,0,0,1,1,1,1,0,0,18,28.919878976408945,0
40,1,172,61,1,0,1,1,0,1,1,1,1,1,0,1,1,21,24.51939471117279,0
44,0,183,60,1,0,0,1,1,0,1,1,0,1,0,1,0,13,18.133325533290577,0
28,1,156,83,0,0,0,1,0,1,1,1,1,1,0,1,1,31,25.321730002443765,0
26,0,161,70,1,1,0,0,1,0,0,1,1,1,0,0,0,30,24.83393480580785,0
28,0,179,68,1,0,1,1,1,1,1,1,1,1,1,0,0,38,27.085537487950845,0
20,0,165,67,0,1,1,0,1,1,0,1,1,1,1,1,1,12,22.58970610915891,0
43,0,158,68,1,1,1,0,1,1,1,1,1,0,1,0,1,28,25.89386000585609,0
29,0,160,51,0,1,0,1,0,0,1,0,0,1,1,0,1,10,18.94212902479789,0
26,0,155,86,0,1,0,1,1,0,0,0,0,0,1,0,1,32,20.44578567201112,0
24,1,178,73,0,0,0,1,1,1,1,1,1,0,1,1,0,34,27.329240865935503,0
40,0,184,62,1,0,0,0,0,1,1,1,1,1,0,1,0,38,23.01657166321672,0
49,1,152,93,0,0,0,1,1,1,1,1,1,1,1,1,1,20,22.93905148368839,0
38,1,156,68,1,0,1,1,1,1,0,1,1,1,0,0,1,21,24.13690317043925,0
53,1,174,84,1,0,0,0,0,0,1,0,1,1,0,1,0,25,20.57564588495552,0
25,0,184,85,1,0,0,1,1,1,1,1,1,1,1,0,0,32,24.068822056400023,0
29,0,158,78,0,0,0,0,0,1,1,0,1,1,0,0,0,39,23.455332355482025,0
42,1,171,72,1,1,0,1,0,1,1,0,1,0,0,1,1,26,23.76110207494821,0
47,0,155,91,1,0,0,1,1,1,1,1,0,0,1,0,1,29,21.13422785844592,0
24,0,156,66,1,0,0,1,1,1,1,1,0,0,0,1,1,10,27.019073979434907,0
50,0,156,65,0,0,0,1,0,1,1,1,1,1,1,0,1,27,26.79193810846204,0
39,0,170,74,1,0,1,1,1,1,1,0,1,0,1,0,1,20,21.28623121118813,0
50,1,157,88,1,1,1,1,1,1,0,1,1,1,0,1,0,34,18.877065135083704,0
36,1,179,69,1,1,1,1,1,1,1,1,0,1,0,1,1,13,26.058993014724443,0
31,0,178,55,1,0,0,1,1,1,0,1,1,1,1,1,0,34,19.009228114524,0
47,0,152,57,1,1,1,1,1,1,1,1,1,0,0,1,0,30,28.79956892996696,0
57,1,181,60,0,1,1,1,0,1,1,1,1,0,0,0,1,13,28.29997678150828,0
31,0,179,91,0,1,0,0,0,1,0,1,1,0,1,1,0,32,26.870240640242507,0
25,0,175,54,1,1,1,0,1,1,1,1,0,0,0,0,1,31,28.708857188158458,0
59,0,170,53,1,0,0,1,1,1,1,1,1,0,0,1,1,38,22.51059686175079,0
53,1,169,83,0,0,0,1,1,0,0,1,1,0,0,0,0,18,18.7674862305243,0
40,0,171,88,0,1,0,1,1,1,1,1,1,1,1,1,0,25,28.67846705636669,0
31,0,160,68,1,0,1,1,1,1,1,1,1,1,1,1,0,19,28.45686630934576,0
31,0,155,70,1,0,1,1,0,0,0,1,1,0,1,0,0,18,21.83267990225486,0
48,1,161,75,1,0,0,1,1,1,1,1,1,1,1,0,1,27,29.93395560609843,0
52,1,154,91,0,1,0,0,1,1,1,0,1,1,1,0,0,22,27.388290821731868,0
23,1,151,83,0,0,0,1,1,1,1,1,1,0,0,0,1,15,24.62166124472558,0
56,0,168,61,1,0,0,0,1,0,1,1,1,1,0,0,0,29,29.69891966372146,0
45,1,150,73,0,1,0,1,1,1,1,1,0,1,0,0,0,15,27.79332892238491,0
24,1,156,59,0,1,1,1,1,1,1,0,0,1,1,1,0,35,25.969058486183144,0
48,1,178,94,1,1,0,1,1,0,1,1,0,1,1,0,1,12,20.107120800518043,0
41,1,179,75,1,1,1,1,1,1,1,1,1,0,1,0,0,27,28.25628525399285,0
54,0,175,51,1,1,1,1,1,1,1,0,1,0,1,1,0,23,25.076984281000183,0
28,1,183,56,1,0,1,1,1,0,1,0,0,0,0,0,0,33,24.117134514923325,0
30,0,175,74,1,0,1,1,1,1,1,1,0,0,1,1,1,38,27.47409564617808,0
44,0,170,84,0,1,1,0,1,1,1,1,1,1,0,1,1,35,23.269944424637465,0
51,1,179,60,1,0,1,1,1,0,0,0,0,0,0,1,1,28,19.40462864440372,0
25,1,172,51,0,1,1,1,1,1,1,1,0,0,0,1,1,30,19.90541507832048,0
39,1,177,73,1,0,0,1,0,0,1,0,0,0,1,1,1,32,24.28176258079089,0
42,0,179,55,0,0,1,0,0,1,1,0,1,1,0,1,0,12,24.958489436324776,0
41,0,166,81,0,0,0,1,1,1,1,1,0,0,0,0,0,34,27.64405664993908,0
30,1,165,93,1,0,1,1,1,1,1,0,0,0,0,1,0,28,20.94729915036607,0
51,1,162,81,1,0,1,1,1,1,1,1,1,0,1,1,0,19,20.00979778768626,0
35,0,182,60,1,0,0,0,0,1,0,1,1,0,0,1,0,16,26.762686044653982,0
53,0,166,69,1,1,0,1,1,1,1,1,1,1,1,0,0,23,28.007231415235907,0
22,0,159,86,0,0,1,0,1,0,1,1,1,1,0,1,0,36,27.320657594949104,0
42,0,156,92,1,1,1,1,1,1,1,1,1,0,1,0,0,10,18.21263911004761,0
29,1,161,69,0,1,0,1,1,0,1,1,1,0,1,0,0,32,21.48127419417145,0
48,1,177,63,0,1,1,1,1,1,1,1,1,0,0,0,0,20,23.688977928931624,0
25,1,178,62,1,0,0,1,0,0,1,1,1,0,0,0,0,31,18.72848829939537,0
34,1,169,83,0,0,1,1,1,1,1,1,1,0,1,0,0,36,29.510331817447025,0
54,1,173,73,0,0,1,1,1,1,1,1,1,0,1,1,1,17,24.99127882716024,0
35,0,169,70,1,1,1,0,1,1,1,0,1,1,0,0,1,18,21.23550786129905,0
38,1,152,70,0,0,0,0,1,0,1,1,1,0,0,1,1,35,29.836384286430885,0
44,0,182,88,1,1,1,1,1,1,0,1,1,0,0,1,1,34,22.099650190174543,0
27,1,171,81,0,0,0,0,0,0,0,0,1,0,1,1,0,27,26.06825044827947,0
41,0,151,75,1,1,1,0,0,1,0,1,1,0,0,1,1,22,24.98628143345326,0
20,1,184,86,1,0,1,1,0,1,0,1,1,0,0,1,1,38,29.98395854285942,0
30,1,156,58,1,0,1,1,1,1,1,1,1,1,1,0,0,30,29.28636991554444,0
35,1,153,92,0,1,1,1,0,1,0,1,1,0,0,1,0,36,27.893500209239164,0
37,1,155,75,0,0,1,1,0,0,1,1,1,0,0,0,0,28,19.870696750511,0
50,1,175,71,0,1,0,1,1,0,1,1,0,0,0,0,1,36,29.145951996472004,0
52,0,156,67,0,1,1,1,1,0,1,1,1,1,1,0,0,13,26.336935374998056,0
21,0,166,60,0,1,0,1,1,1,1,1,1,1,0,1,1,10,27.705375866941345,0
46,0,154,88,0,0,0,0,1,1,1,1,1,0,1,1,1,38,24.643185353172004,0
46,0,166,72,1,0,1,1,1,0,1,1,1,0,1,0,1,36,27.392202520578053,0
42,0,168,72,1,0,0,1,1,1,0,1,1,0,1,0,1,14,18.806751139430173,0
22,0,161,51,0,0,0,1,0,1,0,0,0,0,0,1,1,29,19.03783492783854,0
47,1,184,86,1,1,0,0,1,1,1,1,1,1,1,1,1,22,27.274767111337777,0
24,1,163,78,1,0,1,1,1,1,1,1,1,0,1,0,0,29,21.021119128110467,0
36,1,168,74,0,0,1,0,1,1,1,1,1,1,0,1,0,34,24.31781647197109,0
58,0,175,79,0,0,1,1,0,1,1,1,1,1,1,1,1,38,29.19684989533528,0
23,0,166,84,1,0,1,1,1,1,0,1,1,1,0,1,0,17,28.784902475862765,0
50,0,168,87,1,1,0,1,1,1,1,1,1,0,1,0,1,18,21.53062610901321,0
49,1,171,77,1,1,0,1,1,0,1,1,0,0,0,0,0,18,25.121873423697444,0
54,1,163,70,0,0,1,1,1,1,1,1,1,1,0,0,1,26,22.28853456702096,0
41,0,161,90,0,0,0,1,1,0,0,1,0,0,1,0,1,22,19.25301183661703,0
41,1,151,77,1,1,0,0,1,1,1,1,1,1,1,0,1,21,26.47147362490431,0
31,1,163,72,1,1,1,1,0,1,1,1,1,1,1,1,0,35,29.156164625916183,0
26,0,163,60,0,0,0,0,1,0,1,1,0,1,1,1,1,32,25.06390691136228,0
45,0,182,88,1,1,0,1,1,0,1,1,1,0,0,0,1,21,18.73269686774785,0
42,0,179,77,1,1,0,0,0,1,1,1,1,1,1,0,1,29,21.673453104728743,0
26,1,161,78,1,1,0,1,0,1,0,0,0,0,1,1,0,10,22.575000309993825,0
40,1,180,77,1,0,0,1,1,1,1,1,1,0,1,0,1,23,20.420526268148773,0
46,0,170,93,0,1,1,1,1,1,1,1,1,1,1,0,0,33,22.445591663793568,0
50,0,156,82,1,1,0,1,1,1,0,1,1,1,1,0,1,16,25.64728402626504,0
47,0,179,75,1,0,0,1,1,1,0,1,1,1,1,1,0,26,20.551955186730133,0
24,1,169,55,0,1,1,0,1,1,1,0,0,0,0,0,0,16,26.880976534377243,0
57,1,152,57,1,0,1,1,1,1,1,1,1,0,1,1,1,39,18.078006236033044,0
47,1,163,63,0,0,1,0,1,0,1,1,1,0,0,1,1,22,25.8029598414576,0
53,1,162,70,1,1,1,1,1,1,1,1,1,0,0,0,0,34,27.928762672763177,0
31,0,164,55,1,0,1,1,0,1,0,0,1,0,0,0,0,11,29.50301787723444,0
40,0,162,65,0,0,0,1,1,1,0,0,1,0,1,1,1,13,29.151686052446152,0
21,0,164,72,1,1,0,1,1,0,1,1,0,0,1,0,1,10,25.24378532104251,0
50,0,157,52,0,0,1,0,1,0,1,1,1,1,0,1,0,31,20.30992994191672,0
46,1,180,69,0,1,1,1,1,1,1,1,1,0,0,0,0,16,24.765581972123705,0
31,1,184,82,1,0,1,0,1,1,1,1,1,0,1,1,1,35,24.308029823620064,0
30,0,182,50,1,0,1,1,0,1,1,1,0,0,0,0,0,26,24.39232288950675,0
34,1,152,56,1,0,0,1,1,1,1,1,1,0,0,1,0,34,20.495266581741514,0
49,1,183,91,1,0,1,1,0,0,1,1,1,1,0,0,0,39,29.419693038811225,0
50,0,160,62,1,0,0,0,0,1,1,1,1,0,0,1,0,21,19.80579381104125,0
43,1,170,59,0,1,0,0,1,0,1,1,1,1,1,0,1,14,22.08332151578836,0
31,0,177,60,0,0,0,1,1,0,1,1,0,1,0,1,0,27,21.532569308172413,0
35,1,155,84,0,0,1,0,0,1,0,1,1,1,1,1,1,20,20.35421154626444,0
27,1,153,84,0,0,0,0,1,1,1,1,1,0,0,1,1,38,18.297771524917028,0
38,0,171,64,1,1,0,1,1,1,1,1,1,0,0,1,0,22,23.29527116408082,0
59,0,173,62,0,0,1,0,0,1,0,0,1,0,0,1,1,12,20.88799487167962,0
27,1,165,59,1,0,1,1,1,1,0,1,1,1,1,1,1,25,18.68885507634861,0
49,0,167,88,1,0,0,1,1,1,1,1,1,1,0,1,0,29,21.16077360972209,0
51,0,180,59,0,0,1,0,1,0,1,1,1,1,1,0,0,35,24.864639239893336,0
48,0,178,86,0,1,0,1,0,0,0,1,1,1,0,1,1,27,24.81517534505378,0
54,1,165,50,0,0,0,1,0,1,0,1,1,0,1,1,1,23,20.55169593695815,0
50,0,180,79,1,1,1,1,1,1,1,1,0,1,0,0,1,21,26.776798061961948,0
46,0,168,51,1,0,1,1,0,0,1,1,1,0,0,1,1,30,23.644443125766003,0
49,0,183,86,0,1,0,1,1,0,0,1,1,0,1,1,1,39,18.070662539339065,0
53,0,159,64,1,1,0,1,0,1,0,1,1,1,1,0,0,37,18.553910346860672,0
32,0,162,60,0,0,0,0,0,0,1,1,1,1,0,0,1,15,25.358708214273623,0
43,0,172,83,0,0,0,1,1,0,1,1,0,0,0,0,0,27,19.791508192798243,0
51,0,151,54,0,0,0,1,0,1,1,1,1,1,1,1,1,22,26.28572509247485,0
35,1,152,54,0,1,0,1,0,0,1,1,1,1,0,0,0,20,28.543077671596127,0
40,1,157,58,1,0,0,1,1,1,1,1,0,1,1,0,1,16,24.18893524398626,0
43,0,178,57,0,0,1,1,1,1,1,0,1,0,0,0,1,35,21.55202531150621,0
23,0,163,62,1,1,1,1,1,0,1,0,1,1,0,1,0,23,20.04320627042388,0
25,1,163,72,0,0,1,1,0,1,1,1,1,0,0,1,0,21,25.535234917324555,0
44,1,183,87,1,0,1,0,1,1,1,0,1,0,0,1,0,26,26.667844149388483,0
37,0,155,54,1,0,0,1,1,1,1,1,1,0,1,0,1,11,18.72369492926125,0
21,0,176,59,0,0,0,1,1,1,1,1,1,0,1,1,0,20,23.94598039806851,0
30,0,152,90,0,1,1,1,1,1,1,0,1,0,0,0,1,24,18.796368948691683,0
46,0,153,59,0,1,0,1,1,1,1,1,1,0,1,1,1,34,20.85372549169628,0
20,0,172,56,0,0,0,1,1,1,1,1,0,0,1,1,1,11,22.106349270755484,0
31,0,153,72,1,1,0,1,0,1,1,1,0,0,0,1,0,38,21.17674027190083,0
49,1,164,86,0,0,0,1,0,1,1,1,1,1,1,0,0,28,27.36228718210428,0
41,0,170,65,1,0,1,0,1,1,1,1,1,1,0,0,0,26,24.056439744423315,0
29,1,172,89,0,0,0,0,1,1,0,1,1,0,0,1,0,28,25.72797258216117,0
49,0,153,83,1,0,0,0,1,0,0,1,1,0,0,1,0,17,26.895252628304377,0
57,1,168,63,1,1,1,0,1,1,1,0,1,1,0,0,1,24,18.355241963531288,0
26,1,158,68,1,0,1,1,1,1,1,1,1,1,0,0,0,27,21.37412833180659,0
59,0,179,53,1,1,1,0,1,1,1,1,1,0,1,0,0,21,19.161839166926374,0
36,0,152,61,0,1,1,0,1,0,1,1,1,0,0,0,0,25,27.995365328823866,0
51,1,156,77,0,1,0,1,1,0,0,1,1,0,0,0,1,34,18.241734311057392,0
33,0,181,89,0,1,0,0,1,1,1,1,1,0,0,0,0,20,26.795840560747298,0
54,0,152,54,1,1,1,0,1,1,1,1,0,0,1,0,0,29,21.257630693152983,0
39,1,162,56,1,1,1,0,1,1,0,1,1,0,1,0,0,10,26.329143812009274,0
41,1,157,61,0,0,0,1,1,1,1,1,0,1,1,1,0,11,18.929257660433475,0
26,1,179,82,0,1,1,1,0,0,1,0,1,1,0,0,0,22,19.18099589978461,0
39,0,167,86,0,0,0,1,0,1,1,1,0,0,1,1,1,18,24.04277427950852,0
23,1,154,78,1,0,1,1,0,1,1,1,1,1,1,1,0,18,21.99922855681668,0
20,1,181,85,1,0,1,0,1,1,1,0,1,0,1,1,1,32,19.05838363155832,0
58,1,173,55,1,1,1,1,1,1,1,0,1,1,0,0,0,27,28.87845478772655,0
54,1,152,62,1,1,0,0,0,0,1,1,0,0,0,1,0,11,28.621437911445224,0
57,1,162,94,0,1,0,1,1,1,1,0,1,0,0,1,1,27,22.60967294852615,0
32,1,180,55,0,1,1,1,0,1,1,1,1,1,0,0,1,29,26.83865842614397,0
45,1,166,51,0,1,0,1,0,1,1,1,1,0,1,0,0,33,28.745914824384208,0
26,1,152,79,1,0,0,0,1,0,1,1,0,1,1,0,0,38,21.577921077721847,0
36,0,178,94,0,1,0,1,1,1,0,1,1,1,1,0,0,31,23.4090748915756,0
57,1,184,67,0,1,0,1,1,1,1,1,1,1,1,1,1,10,22.849619075921183,0
22,1,172,64,0,0,1,0,0,1,1,1,1,1,0,1,1,21,28.217522960331983,0
53,0,162,69,1,1,1,1,1,1,1,1,1,1,1,0,1,18,23.871002025513427,0
59,1,174,78,0,1,0,1,1,0,1,1,1,1,0,1,1,27,21.795423869558032,0
25,1,175,82,1,1,1,1,1,1,1,0,1,1,0,0,1,26,21.6311362357606,0
45,0,167,80,0,0,1,1,1,1,1,1,0,1,0,0,1,15,22.63150434049932,0
20,1,180,68,1,1,1,1,1,1,0,0,1,0,1,0,1,37,18.02390143014245,0
24,0,159,80,1,0,1,1,1,1,1,1,0,1,0,0,0,26,19.32488753436159,0
30,0,159,55,1,1,1,1,1,0,1,1,1,1,1,1,1,34,23.346663928367263,0
33,0,158,80,0,0,1,1,1,1,0,0,1,0,0,1,1,19,22.93668809148307,0
41,1,181,53,0,1,1,0,1,1,0,1,1,0,1,0,0,25,27.674739064731856,0
53,1,171,59,0,0,1,0,1,1,1,1,1,1,0,1,1,25,25.0677610989139,0
23,1,155,63,0,1,1,1,1,1,1,1,1,1,0,1,1,29,23.118528550795496,0
55,0,176,67,1,0,1,1,0,1,0,0,1,0,1,0,0,11,28.635462168761176,0
38,1,157,91,0,0,1,1,0,1,0,1,1,0,0,1,0,15,19.40766669870051,0
51,1,181,90,1,1,0,1,0,1,1,1,1,0,0,0,0,39,18.66457693593851,0
48,0,170,88,0,1,0,1,1,1,1,0,0,1,1,0,1,36,28.04743201267012,0
42,1,150,51,0,0,1,0,1,1,1,1,0,0,0,0,1,16,27.57903432057053,0
47,1,154,71,0,0,1,0,1,1,0,1,1,0,1,0,0,25,20.880295309889323,0
27,0,178,75,1,0,0,0,0,0,1,0,1,1,0,1,1,39,21.072033246947385,0
46,1,174,56,0,1,0,1,1,0,0,1,1,1,1,1,0,29,29.449335996816263,0
52,1,182,71,1,0,0,1,1,1,1,0,1,1,0,1,1,13,26.50149520340481,0
58,1,156,89,0,1,0,0,0,0,1,0,1,0,1,1,1,10,27.939924057271384,0
45,0,165,71,0,0,1,0,1,1,1,1,1,1,0,1,1,33,19.101421268041364,0
57,0,152,91,0,0,0,1,1,1,0,1,1,0,1,1,0,23,28.719897529209355,0
40,1,167,82,1,1,0,1,1,0,1,1,1,0,0,1,1,14,20.6363328293414,0
57,0,156,90,1,1,0,1,1,0,1,1,1,1,0,0,0,27,19.790019748805165,0
35,0,158,88,0,1,1,0,0,1,1,1,1,1,1,1,1,32,24.864877710471443,0
33,0,161,84,0,1,0,1,1,0,1,1,1,0,1,0,1,32,26.42061810589353,0
38,1,182,61,0,0,0,1,1,1,0,1,1,1,1,0,1,20,24.376089228589983,0
22,1,178,83,0,1,0,1,1,1,1,1,0,1,0,1,0,17,20.60655691352228,0
23,0,155,69,1,1,0,1,1,1,1,1,1,1,1,0,0,14,27.3827905467558,0
23,0,165,81,0,1,0,1,1,1,1,1,1,0,1,1,0,16,23.45793554987997,0
23,0,160,76,1,0,1,1,1,1,1,0,1,0,0,1,1,30,24.935045947258143,0
48,0,152,85,0,0,0,1,1,1,1,1,1,1,1,1,0,32,19.191077607765607,0
59,1,171,86,1,1,0,0,1,0,1,1,1,0,1,1,1,21,29.07345262406957,0
45,1,174,75,1,0,0,0,1,1,1,0,1,0,1,0,0,19,20.65030857397004,0
54,0,176,69,1,0,1,0,1,1,1,1,1,1,0,0,1,14,27.19215388699476,0
42,0,172,55,0,1,0,1,0,1,1,1,1,1,1,1,0,19,21.783786471372466,0
22,1,173,87,1,0,0,1,0,1,1,1,1,0,1,1,0,21,29.04332543544848,0
57,1,180,65,0,1,0,0,1,1,1,1,0,1,1,0,1,20,18.73528140089538,0
53,1,155,61,0,1,1,0,1,0,0,1,1,0,0,0,0,36,27.81915968059124,0
34,1,159,53,1,0,0,1,1,1,1,0,1,1,0,1,0,28,26.608935512203324,0
56,0,169,56,1,1,0,1,0,0,1,0,1,0,0,0,0,32,26.303518009934272,0
27,1,180,91,0,1,0,1,1,1,1,0,1,1,1,0,1,28,20.47382747433276,0
26,0,159,70,0,0,1,1,0,1,0,1,1,1,1,1,1,20,23.1291471152135,0
50,1,176,73,0,1,0,1,1,1,1,1,1,1,1,1,0,32,29.85037334052791,0
36,0,179,67,0,0,0,1,0,0,1,0,0,1,0,1,0,20,24.497114727393058,0
20,0,175,71,1,1,1,1,1,1,0,1,1,0,1,1,0,34,27.04818649985561,0
50,0,178,73,1,0,0,1,0,0,1,1,1,1,0,1,1,34,19.74474038666683,0
49,1,161,86,0,1,0,1,0,1,1,0,0,1,0,1,1,28,25.48332281273369,0
45,0,156,88,0,1,1,1,1,1,1,1,0,1,0,1,1,19,22.74544796785757,0
52,1,176,80,0,1,0,0,1,0,1,1,0,1,1,0,1,19,21.47011182224124,0
24,1,179,56,0,1,0,1,1,1,0,1,0,1,0,0,1,32,24.792574928694528,0
42,1,180,61,1,1,1,0,0,1,1,1,1,1,0,1,0,12,21.266451674757977,0
23,1,162,93,0,1,1,1,1,1,1,0,0,0,1,0,0,22,26.755005928766607,0
26,0,152,55,1,1,1,0,1,1,1,0,1,0,0,0,1,26,20.258327060262893,0
40,1,170,61,1,0,0,1,0,0,1,1,1,1,0,1,0,36,27.400384570296737,0
49,0,158,75,0,0,1,1,1,0,0,1,1,1,0,1,1,29,27.80807536423385,0
46,0,165,91,0,1,1,0,1,1,1,1,1,1,1,0,1,39,25.320797567762213,0
38,0,174,77,1,1,1,1,1,1,0,1,0,0,1,0,1,39,24.845467243843004,0
45,0,159,52,0,0,1,1,1,1,0,0,0,0,1,0,1,28,29.617238421039765,0
43,0,161,65,1,0,0,1,1,1,0,0,1,1,1,1,1,16,21.27249455412754,0
37,1,150,89,1,0,1,0,1,1,1,0,1,1,0,1,0,19,25.642570691014683,0
38,0,158,57,1,0,0,1,1,1,1,1,1,1,0,0,0,30,24.951837453979724,0
21,0,174,72,1,0,0,1,1,0,1,0,0,1,1,0,1,26,28.629018539221747,0
24,1,156,57,1,1,0,1,1,1,1,1,1,0,1,1,0,32,26.850264124738445,0
51,0,183,67,0,0,0,1,1,0,1,1,0,0,0,0,1,17,21.24938566186129,0
22,0,161,93,0,0,1,0,1,1,1,1,1,0,1,0,1,33,22.813332748294464,0
54,0,178,86,1,0,1,1,1,0,1,1,1,0,1,1,1,32,22.7163951625026,0
54,1,179,58,1,1,1,1,1,1,1,1,0,1,1,0,1,28,19.14481167344221,0
26,1,175,78,0,1,0,1,1,0,1,1,0,1,1,1,1,23,25.63594695336679,0
39,0,160,52,1,0,1,1,0,1,1,1,0,1,0,1,1,17,29.344200424621427,0
20,0,162,86,0,1,0,1,1,0,1,0,1,1,0,0,0,32,24.366705658685248,0
22,0,177,75,0,1,0,1,1,1,1,1,1,0,1,1,0,27,20.741354262260582,0
22,0,181,83,1,0,1,1,1,1,1,1,0,0,1,0,1,20,19.42544922554668,0
30,0,175,88,0,1,1,1,1,1,1,1,1,0,0,1,1,20,26.94344569537373,0
25,0,182,61,1,1,0,1,1,1,1,1,1,1,0,1,0,31,27.002384681016046,0
40,1,170,60,0,0,0,1,1,1,1,0,0,1,1,0,1,36,27.634113473314528,0
39,1,172,64,0,0,1,1,1,1,1,1,1,1,1,0,0,33,25.18488226066796,0
48,0,178,90,1,0,1,1,1,1,1,0,1,1,1,1,0,30,28.96113412671255,0
29,1,169,93,1,0,1,1,1,1,1,1,1,0,0,1,1,19,22.107997445160027,0
46,1,173,50,1,0,1,1,1,1,1,1,1,1,1,1,1,20,28.792052689939865,0
47,0,164,84,1,1,1,1,1,0,0,1,1,0,0,1,0,29,29.110637510990244,0
34,0,150,50,0,1,0,1,1,1,0,1,1,0,0,0,0,32,23.00242551877056,0
44,0,162,89,0,1,0,1,1,1,1,0,0,1,1,1,0,12,29.00733942650253,0
21,1,151,67,1,0,1,1,1,1,0,1,0,1,1,0,1,29,22.371454478987705,0
25,1,162,70,0,0,1,1,0,0,0,1,1,1,0,1,0,28,28.03311048119402,0
32,0,162,65,0,0,1,1,1,0,1,1,1,0,1,0,1,27,24.22286862954542,0
38,0,163,70,0,1,1,1,1,1,1,1,0,0,0,0,0,32,26.432567334372404,0
56,0,181,88,1,0,0,0,0,1,1,0,1,0,1,1,1,16,18.999562933629832,0
56,1,165,88,1,0,0,1,1,1,1,1,1,1,1,1,0,38,20.782388098233447,0
50,0,155,68,0,0,0,1,0,0,0,1,1,0,0,0,1,26,22.75189895856396,0
40,0,177,55,0,0,0,1,1,1,1,0,1,1,0,0,0,24,19.31097473371078,0
23,0,180,90,1,0,1,1,1,1,1,1,1,1,1,1,0,22,27.256208663619912,0
36,0,172,88,1,0,0,1,1,1,0,1,1,0,0,0,0,12,22.365856681842367,0
25,0,163,55,1,1,0,1,0,1,1,0,0,1,1,1,1,19,25.00084047767432,0
32,1,173,91,0,0,0,1,1,0,1,1,1,0,1,1,1,30,19.235315755054405,0
25,0,153,74,1,0,1,0,0,1,0,1,0,0,1,0,1,25,19.55148241830636,0
39,1,151,91,0,1,1,1,1,1,1,1,0,0,0,0,1,21,19.238003919149985,0
38,1,177,85,0,0,0,1,1,1,1,1,0,1,0,0,1,15,28.055341549348856,0
58,0,168,84,0,0,0,1,0,0,0,1,1,1,0,1,1,28,22.68507388038832,0
49,1,175,90,0,0,0,0,0,1,1,1,0,1,0,1,0,30,18.83102356248076,0
53,0,162,64,1,1,1,0,1,1,1,1,1,0,0,0,0,34,18.65730430384221,0
29,0,181,68,1,0,0,1,1,1,1,1,1,1,1,1,1,36,24.19112651262266,0
46,1,174,59,1,0,1,1,0,1,1,1,1,0,0,1,1,18,19.630726074227315,0
31,0,184,56,0,0,1,1,0,1,1,1,0,0,1,0,0,29,27.53978578093366,0
24,0,177,90,1,0,0,0,0,1,1,1,0,0,0,1,1,22,24.355018798153512,0
30,0,161,54,0,0,1,0,1,1,1,1,1,1,0,0,0,20,23.565439901101,0
55,1,179,87,0,1,1,1,1,0,1,1,1,0,0,0,0,33,18.967860670628056,0
30,0,182,67,0,0,1,1,0,1,1,1,1,0,0,1,0,11,25.45744467148832,0
35,1,159,89,1,1,0,1,0,1,1,1,1,1,0,1,0,20,20.48384655084086,0
26,1,168,72,0,1,0,1,0,1,1,1,1,1,1,1,0,10,24.930177646541708,0
32,0,158,51,0,0,0,1,1,0,0,1,1,0,0,1,0,15,20.032014159487865,0
20,1,188,79,0,1,3,1,1,1,0,1,0,1,2,1,0,22,23.12998884284104,0
31,1,170,67,1,1,2,0,1,1,1,1,1,1,1,2,1,22,25.13140461395223,0
58,1,176,85,1,1,4,1,0,1,1,1,1,1,2,1,18,29,24.804493813499526,0
36,1,170,65,3,2,2,1,1,1,1,1,1,1,1,1,0,25,27.402127188334287,0
30,1,172,90,1,1,4,1,0,1,1,0,1,1,2,1,0,35,22.83972824002864,0
40,0,178,89,1,1,0,1,1,0,1,1,0,1,2,1,0,20,28.10670720620257,0
31,0,170,59,1,1,2,1,0,1,1,0,1,1,1,1,0,23,19.901245477733955,0
24,1,170,65,2,1,0,1,1,0,0,1,1,1,1,1,0,29,23.99134476788212,0
51,1,184,62,2,2,2,1,1,1,1,1,1,1,2,1,0,20,24.409977046803817,0
39,1,186,74,0,1,1,1,1,1,1,1,1,1,0,1,0,18,21.54677206535894,0
44,0,172,75,1,0,2,1,1,1,0,0,1,1,1,1,0,23,24.627190767942302,0
41,0,182,66,2,1,4,1,1,0,1,1,1,1,1,1,16,22,27.06382313028102,0
43,1,171,52,1,1,2,1,1,1,1,1,0,0,1,1,12,16,28.430908761320417,0
58,1,171,60,1,1,3,1,1,1,1,1,1,1,1,1,0,23,24.03463827180807,0
58,1,184,75,3,1,1,1,1,1,1,1,1,1,2,1,0,14,28.28819648101072,0
38,1,178,85,1,0,2,1,1,1,1,1,0,0,1,0,0,15,29.431648518716138,0
25,1,179,90,3,1,1,1,1,1,1,1,1,1,2,1,0,29,26.23905609674704,0
32,1,171,60,1,2,1,0,0,1,1,1,1,1,1,1,0,36,24.048770926455266,0
54,1,175,61,0,2,0,0,1,1,0,1,0,1,2,1,0,31,23.0615709289523,0
45,0,153,75,1,0,3,1,1,0,1,1,0,1,2,1,3,23,28.96781295881429,0
48,1,173,84,1,1,4,0,0,1,1,0,1,1,1,2,0,16,19.7620648115626,0
25,1,155,65,2,1,0,0,1,1,1,0,1,1,2,1,0,23,22.07305350325158,0
27,1,163,89,1,1,3,1,1,0,1,1,1,1,2,2,0,28,20.03885081572311,0
49,1,173,53,3,1,1,0,1,1,1,1,1,1,2,1,0,27,26.238712066085384,0
40,1,170,64,3,0,2,0,0,1,1,1,0,1,1,1,0,30,25.25036601666324,0
54,1,170,75,0,1,0,0,1,0,1,0,1,1,2,0,0,14,28.97578325142612,0
46,1,175,83,1,1,2,0,1,1,0,1,1,1,1,1,0,18,29.7242583052207,0
48,0,172,68,1,1,2,1,1,1,1,1,0,1,1,1,0,39,25.228539949130344,0
37,1,171,70,2,1,4,1,1,1,0,1,1,1,2,0,18,39,22.279554654459275,0
46,1,173,86,1,1,4,1,1,0,0,1,0,1,1,0,0,12,18.624438286038163,0
35,0,176,65,2,0,1,1,1,1,1,0,1,0,1,0,0,33,26.859692017179803,0
27,1,166,64,0,1,1,1,1,0,0,1,1,1,1,1,0,32,18.925446506250022,0
36,0,175,64,0,1,0,1,0,1,1,1,1,1,1,1,16,12,19.107523353168386,0
56,0,181,90,0,3,1,1,1,1,1,0,1,1,2,1,6,18,26.54043923297986,0
40,0,170,80,0,2,3,1,1,1,1,0,1,1,2,2,0,37,20.727983809509023,0
20,1,170,70,2,2,1,0,1,1,1,1,1,1,2,1,0,30,19.26197281303417,0
47,1,172,61,0,1,3,1,0,1,0,0,1,1,2,1,1,10,28.541207462084827,0
49,1,163,65,2,1,2,1,1,1,1,1,1,1,0,0,0,19,27.928781190045896,0
43,1,178,75,3,0,1,0,1,0,1,1,1,1,1,1,0,36,27.99023165624704,0
44,1,167,75,1,1,0,1,1,1,1,0,0,1,2,1,1,12,25.791799209532613,0
52,0,193,67,1,0,1,0,1,0,1,1,1,1,0,1,1,23,18.99597363189105,0
48,0,176,65,1,1,4,1,1,1,1,1,1,1,1,1,20,11,24.089851641776164,0
35,1,180,65,1,1,1,0,1,1,1,0,0,1,0,1,0,21,21.97043391608043,0
53,1,164,80,1,1,1,0,1,1,0,1,1,1,2,1,0,24,20.64817098943228,0
49,0,174,70,3,2,2,1,1,1,1,1,1,0,1,1,0,36,25.033004239019466,0
55,1,171,58,0,2,3,1,1,1,0,1,1,1,1,2,0,26,27.126765890564528,0
38,1,170,65,1,1,3,1,1,1,1,0,1,1,1,2,1,36,29.255649203007824,0
39,0,175,69,1,1,2,0,1,0,0,1,1,0,1,1,0,39,22.36109343984676,0
37,1,170,68,2,1,1,1,0,1,1,0,0,1,2,1,0,24,19.514726067446,0
30,1,161,75,1,1,1,0,1,1,1,1,0,1,2,1,21,39,20.270914130707723,0
48,0,168,56,2,1,2,1,1,1,0,1,1,1,1,1,0,35,22.39178783815886,0
53,1,179,60,1,1,2,1,1,0,1,1,1,1,0,1,3,20,23.132017234992205,0
53,1,171,66,0,1,0,1,1,1,1,1,0,1,1,1,0,17,21.6853850192344,0
30,1,175,60,3,1,0,1,1,0,1,0,1,1,2,1,2,19,21.72989162299852,0
55,1,170,67,1,1,1,1,1,1,1,1,1,1,1,1,0,34,23.946927872344737,0
51,0,177,68,2,1,4,1,1,1,1,1,1,1,2,1,0,10,21.23292096803836,0
40,0,175,74,1,1,2,1,1,0,0,0,1,1,1,1,1,26,23.75473383900254,0
25,0,170,61,1,1,1,1,0,1,0,1,1,1,1,1,0,33,18.586772538535065,0
43,1,178,65,1,2,4,1,0,1,1,1,1,0,1,1,1,33,29.719226612530463,0
49,1,170,70,0,1,1,1,0,1,1,0,1,1,2,1,0,23,24.040763428618952,0
56,1,178,72,2,2,2,1,1,0,1,1,0,1,1,1,0,13,18.07148469812663,0
48,1,180,60,2,0,2,1,0,1,1,1,0,1,1,1,0,34,21.07776544475648,0
32,1,175,70,1,2,3,1,0,0,1,0,0,0,2,1,16,17,25.17471267483841,0
40,1,182,60,0,0,1,1,0,1,1,1,1,1,2,1,0,35,21.320940585340043,0
40,1,180,68,1,1,2,0,1,1,1,1,1,1,2,1,1,19,20.6405154140298,0
41,1,176,91,0,1,1,0,1,1,1,1,1,0,2,1,1,18,28.46735025955422,0
46,1,170,83,1,1,1,1,1,1,1,0,1,1,1,0,0,30,28.10580548335362,0
29,1,175,67,1,1,1,1,1,1,1,1,1,1,2,1,1,20,29.80850422954212,0
24,1,170,68,1,1,2,0,0,1,1,1,1,1,1,1,0,28,25.3827245420124,0
26,1,153,70,3,1,0,0,0,1,0,0,0,1,1,2,1,28,21.928848501530183,0
21,1,170,60,3,1,2,0,1,1,1,1,1,1,0,1,0,12,26.65875087281064,0
21,1,170,65,2,1,0,1,1,0,1,1,1,1,2,1,1,34,29.44674668974676,0
36,1,176,75,3,1,0,1,1,1,0,1,1,1,1,1,0,18,29.55515025659829,0
21,0,180,70,3,0,0,1,1,0,1,1,1,0,1,1,0,12,29.15470514847772,0
23,0,179,75,2,1,1,1,1,1,1,1,1,1,0,1,0,26,26.26703864947773,0
35,1,163,40,1,1,1,1,1,1,1,0,1,1,2,1,0,14,24.0538820661912,0
38,1,183,67,0,1,3,0,1,1,1,1,0,1,1,1,0,14,19.21388561536742,0
41,1,170,74,1,1,1,1,1,1,1,1,1,1,1,1,0,33,21.275434554303736,0
27,1,183,70,2,2,3,1,1,1,0,1,0,1,1,0,1,10,25.744420648238343,0
58,1,155,62,0,0,3,1,0,1,0,1,0,0,1,1,1,15,19.26076626046743,0
49,0,185,88,0,1,4,0,1,1,0,1,1,1,2,0,7,21,25.135892857510665,0
30,1,163,120,3,2,2,0,1,1,0,1,0,1,1,0,0,13,28.19174987269681,0
50,1,173,60,1,1,4,1,0,1,1,1,0,1,2,0,0,11,23.768802815150465,0
38,1,179,75,0,1,0,1,1,1,1,0,0,1,1,0,0,30,20.46285596581693,0
27,1,171,74,2,2,4,1,1,1,1,1,1,1,1,0,0,28,22.178191462006296,0
41,1,158,54,3,1,3,1,1,0,1,1,1,1,2,1,0,24,26.25057110544507,0
57,0,170,62,1,1,4,1,1,1,0,1,1,1,1,1,3,33,25.916892524098067,0
28,1,170,65,2,1,1,0,1,1,0,1,1,1,1,1,0,12,24.801511465760427,0
36,1,164,85,1,1,2,0,1,1,1,1,1,1,1,1,0,11,26.563240179406243,0
42,1,174,130,1,1,1,0,1,1,1,1,1,1,1,1,0,22,18.97933992858315,0
57,1,173,67,1,1,1,0,1,1,1,1,1,1,1,1,0,34,19.77648424888454,0
22,1,173,72,3,1,1,1,0,1,1,1,0,0,0,1,0,17,27.74411708545604,0
54,1,175,126,1,0,1,1,0,1,1,1,1,1,2,1,0,34,21.679526538101666,0
50,1,178,81,3,1,1,1,1,0,1,1,1,1,1,1,0,18,21.46354118570899,0
26,1,168,67,1,1,2,1,0,1,1,0,0,1,1,1,0,18,24.20335841637865,0
44,0,165,64,1,1,2,1,1,1,1,1,0,1,2,1,0,17,22.000119371919588,0
32,1,170,120,2,1,2,1,0,0,1,1,1,1,2,0,1,34,21.974794444967703,0
37,1,168,60,1,0,2,1,1,1,1,0,1,1,1,1,0,34,28.577544863622023,0
21,1,161,72,0,2,3,1,1,1,0,1,1,0,2,0,0,27,27.718297022697467,0
28,1,176,84,2,1,2,1,1,1,1,0,0,1,2,1,1,28,20.010072607532297,0
48,1,170,70,1,1,2,0,1,1,1,0,0,1,0,1,5,29,25.473581763001608,0
51,1,163,82,1,1,4,1,1,1,1,0,1,1,2,1,0,12,25.853810003135063,0
38,1,176,86,1,0,1,0,1,0,0,1,1,1,1,1,1,18,22.33982508467628,0
21,0,189,71,1,0,2,0,1,1,1,1,0,1,1,1,0,34,19.275894124145616,0
59,1,182,75,1,1,3,1,0,1,1,1,1,1,2,1,0,33,26.488941113827387,0
32,1,162,67,3,0,1,1,1,1,1,0,1,1,2,1,0,13,22.06118995084437,0
23,1,179,66,2,2,1,1,1,1,1,1,0,1,2,1,0,30,26.06673866324229,0
55,1,154,74,2,0,4,0,1,0,1,1,1,1,1,1,20,17,28.04325000615571,0
39,0,160,65,1,1,3,1,1,0,1,1,1,1,1,1,0,10,22.785412999983457,0
40,1,178,51,0,1,3,0,0,1,1,1,0,1,2,1,0,14,29.474036583981487,0
38,1,170,65,0,1,1,1,0,0,0,1,0,1,2,1,0,16,19.970179512634093,0
46,1,176,60,1,1,1,1,1,0,1,1,0,1,1,1,8,20,29.048047044105964,0
54,0,182,66,1,1,1,1,0,1,1,1,0,1,1,1,0,36,25.247670206846934,0
34,1,158,69,0,1,1,1,1,1,1,1,1,1,1,1,0,29,27.124832042047974,0
54,1,175,90,3,2,1,1,1,1,1,1,1,1,1,1,1,35,19.29834006703591,0
47,1,174,63,3,0,2,1,1,0,1,1,1,1,0,1,0,14,21.29334414911381,0
49,1,176,61,1,1,1,1,1,1,1,1,1,1,0,1,1,26,20.798964927090005,0
27,1,170,75,2,2,2,0,1,0,1,1,1,1,1,1,0,37,18.32231394850742,0
52,1,182,89,1,0,3,1,1,1,1,1,1,1,2,1,0,28,23.486194597784817,0
51,1,179,82,1,0,3,1,1,0,1,0,1,1,1,0,0,35,19.469092090840853,0
32,1,178,64,2,1,3,1,1,0,0,0,1,1,2,1,2,23,29.84161896693083,0
28,1,167,83,2,0,1,1,1,1,1,1,1,1,2,1,0,30,21.462814151670383,0
27,0,178,56,2,1,3,1,1,1,1,1,1,1,1,1,0,15,19.54381691122062,0
58,1,179,76,2,3,4,0,1,1,1,1,0,1,1,1,6,34,27.68326242131476,0
49,1,171,70,2,1,2,1,0,1,1,1,0,1,0,1,1,29,21.35955038150145,0
22,1,183,65,3,1,1,0,1,0,1,1,1,1,1,1,3,18,28.20661552358164,0
37,1,173,78,2,1,0,1,0,1,1,1,1,1,1,1,1,31,23.759607809331868,0
29,1,178,75,0,2,0,1,1,0,1,1,1,1,0,1,18,36,21.68767706160663,0
26,1,180,80,1,1,3,0,1,1,1,1,1,1,1,0,0,12,27.3192865349702,0
46,1,163,69,1,1,1,1,0,1,1,1,0,1,2,1,0,39,25.28794063929841,0
44,1,166,55,2,2,0,1,1,1,1,0,0,1,1,1,0,27,19.96849615335328,0
32,1,178,75,3,1,3,1,1,1,1,1,0,1,1,1,0,17,27.96195835137941,0
24,0,175,80,2,1,3,1,0,1,1,1,0,1,2,1,0,19,27.781388795637483,0
42,1,175,65,1,1,3,0,1,1,0,1,1,1,1,2,0,19,22.51499307321246,0
29,0,170,77,1,0,1,0,0,1,1,1,0,1,1,1,0,39,22.3656521534004,0
20,1,168,110,3,1,3,1,1,1,1,1,0,1,1,0,1,20,20.131445000759204,0
59,1,164,70,1,1,1,1,0,1,1,1,0,1,1,1,1,25,23.428484459352763,0
56,0,175,58,1,1,1,1,0,0,0,1,0,1,1,1,0,28,26.74373731225136,0
53,1,155,71,3,1,4,1,0,1,1,1,1,1,1,1,0,21,26.527270150604355,0
33,1,175,57,2,1,0,1,0,1,1,0,1,1,2,0,0,27,18.94686703753801,0
45,1,164,56,1,1,3,1,1,1,1,1,1,1,2,1,2,15,23.007865113522044,0
48,1,170,70,1,1,1,1,0,0,0,1,1,1,1,1,20,31,21.43216180398407,0
45,1,170,65,1,1,1,1,1,0,1,1,1,1,1,2,6,13,26.88686146302788,0
46,1,165,62,1,1,3,1,1,1,1,1,1,1,1,1,1,13,24.627687691401505,0
50,1,178,80,1,1,2,0,1,1,1,1,1,0,0,1,0,29,28.8790677170034,0
58,1,178,68,0,1,0,1,1,1,0,1,0,1,2,0,0,32,26.00511090922612,0
35,0,182,70,2,1,2,1,1,0,0,1,1,1,2,0,0,31,20.403254211596387,0
27,1,168,65,1,1,0,0,1,0,1,1,1,1,1,1,1,28,24.27407692624745,0
55,1,161,60,1,1,4,0,1,1,1,1,0,1,2,1,0,17,25.102134262380684,0
29,1,173,81,1,1,2,1,1,0,1,1,1,1,1,1,0,27,25.815957468202143,0
24,1,174,88,3,1,2,0,0,1,1,1,1,1,1,1,0,24,24.26299230611928,0
23,1,175,65,3,0,1,1,0,1,1,1,1,1,0,1,1,24,19.6621673711346,0
36,1,177,78,1,1,0,1,1,1,1,0,1,1,2,1,18,24,27.94601805354825,0
47,1,168,75,1,1,3,1,0,1,1,1,1,1,1,1,0,32,20.84662129257283,0
28,1,170,90,3,1,2,0,1,1,1,1,1,1,2,1,3,20,26.57088213782789,0
35,0,184,56,1,1,2,1,1,1,1,1,1,1,2,1,0,33,25.84593363145256,0
48,1,174,71,0,1,1,0,0,1,1,1,1,1,2,1,0,26,22.15446818882716,0
58,1,176,78,1,1,2,1,1,1,1,1,1,1,2,1,2,27,27.79084423536171,0
41,1,168,65,0,1,1,0,1,0,0,1,1,1,2,1,0,34,23.5396953907286,0
42,1,175,65,3,1,2,1,0,0,1,1,1,1,1,1,0,22,20.86059113888908,0
47,1,164,66,1,0,0,1,0,1,1,0,1,1,1,2,0,32,24.57924347992917,0
47,1,178,76,3,1,1,1,0,0,1,1,1,1,2,1,0,14,28.63270717851012,0
26,1,176,80,2,0,2,0,1,1,1,0,1,1,2,1,1,37,25.912525352658065,0
59,1,179,51,1,0,3,1,1,1,1,1,1,1,2,1,0,30,28.83084063539465,0
35,1,170,85,1,2,4,1,1,1,1,1,1,1,1,1,1,21,19.76478542231825,0
28,1,170,75,0,2,2,1,1,1,0,1,1,0,1,0,0,25,28.849239255676487,0
35,1,180,60,1,1,1,1,1,1,1,0,0,1,1,1,0,37,25.231306552768928,0
27,1,175,65,1,1,0,1,0,1,1,1,1,1,2,0,0,33,22.34146016043185,0
49,0,174,75,1,2,0,1,0,1,1,1,1,1,1,1,0,16,26.305845741520983,0
37,1,178,51,1,1,3,1,1,1,1,1,1,1,1,1,0,11,27.734006140369186,0
32,1,171,86,3,1,1,1,0,1,1,1,1,1,1,1,0,14,23.619678774559297,0
43,1,176,120,3,1,4,0,0,1,1,1,1,1,2,1,1,38,26.51864440757005,0
50,0,173,66,1,1,2,1,1,1,1,1,1,1,1,1,0,24,25.428344201629344,0
51,1,156,65,2,0,2,0,1,0,1,1,0,1,1,0,0,11,29.101519766147987,0
56,1,180,62,1,1,1,1,0,0,0,1,1,1,1,1,0,29,20.730307535839174,0
31,0,175,90,1,0,2,1,1,1,1,1,1,1,1,1,0,29,19.299788716173467,0
24,0,183,89,3,1,1,1,1,0,1,1,1,1,2,0,20,28,27.382374572142144,0
57,1,161,130,1,1,1,1,0,1,0,1,1,1,1,1,2,33,26.830501454801183,0
42,1,175,84,2,2,1,0,1,1,1,1,1,1,1,1,1,15,21.945941041319504,0
52,1,161,60,3,1,0,1,0,1,0,0,1,1,1,1,0,36,29.754183132398865,0
34,1,185,83,1,1,2,0,0,0,1,0,1,0,1,1,0,20,26.6025775951504,0
21,1,170,70,1,1,2,1,1,1,1,1,0,1,2,1,0,12,25.480702661955505,0
20,0,175,63,1,0,1,1,1,1,0,1,0,1,2,1,0,13,22.01825469434158,0
41,1,175,70,0,1,2,0,1,1,0,0,1,1,2,1,0,16,25.352963455253665,0
38,1,170,67,1,1,4,1,1,0,1,1,1,1,1,0,4,39,26.82989611907617,0
59,0,175,66,1,1,1,1,0,1,1,0,1,1,1,1,1,23,21.21534016436017,0
29,1,175,58,2,1,1,1,1,1,1,1,1,1,0,1,0,32,24.14897843369485,0
50,1,167,58,1,1,2,0,0,1,1,1,1,0,0,0,2,35,26.76960796838392,0
32,1,177,75,2,1,4,0,1,1,1,1,1,1,0,0,4,35,29.537921915971115,0
42,1,175,86,1,1,3,1,1,1,0,1,1,1,2,1,0,24,20.74975692816353,0
37,1,167,60,1,0,1,1,1,1,0,0,1,0,2,1,0,25,18.43870281912681,0
45,1,181,85,0,1,3,1,1,1,1,1,1,1,1,0,1,34,29.280872213048635,0
23,0,170,83,2,1,1,0,1,1,0,1,1,1,0,1,1,30,18.95810601732952,0
57,1,175,64,3,0,3,1,0,0,1,0,0,1,0,1,0,22,20.374706878788324,0
57,1,165,70,1,1,0,1,1,1,1,1,1,1,1,0,1,17,29.843265774802354,0
27,1,182,65,1,1,3,1,1,1,1,1,0,1,2,1,0,21,24.385126075791657,0
48,1,155,66,0,2,4,1,1,1,0,1,1,1,1,1,0,11,19.743471401566104,0
52,1,170,70,1,0,1,1,1,0,0,1,1,1,0,1,0,38,24.787960134438503,0
27,1,173,63,2,2,3,1,1,0,1,1,1,1,1,1,0,31,24.8199667711254,0
36,1,179,59,1,1,2,1,1,0,1,1,1,1,1,1,1,33,29.2488818726105,0
48,1,183,83,1,1,0,1,0,0,1,1,1,1,2,2,0,26,28.48682796983954,0
34,1,179,70,2,1,2,1,0,1,1,0,0,1,2,0,6,22,18.95891189313294,0
51,1,176,89,2,1,4,1,1,1,1,1,1,0,1,1,0,13,28.9296560463127,0
43,1,184,52,1,0,0,0,1,0,0,0,1,1,1,2,0,14,27.976267759224505,0
27,1,165,72,0,1,2,1,1,1,1,1,1,0,1,0,0,15,21.535873009716017,0
57,1,178,115,1,1,2,1,0,1,1,0,1,1,1,1,0,19,19.59340147941247,0
41,1,175,75,1,0,1,0,1,1,1,1,1,1,0,1,20,30,20.9340077152076,0
46,1,175,61,1,1,2,1,1,1,1,1,1,1,1,1,0,36,29.300017183478225,0
49,1,180,74,2,1,2,1,1,1,0,1,1,1,1,0,0,37,27.4408747170885,0
48,1,182,70,1,1,1,1,1,0,1,1,1,1,1,1,0,29,28.382203233033813,0
27,1,161,68,2,1,1,1,1,1,1,0,1,1,1,1,0,15,26.1590893685638,0
22,1,173,56,2,1,3,1,1,0,0,1,1,1,1,1,0,11,21.10440369094465,0
50,1,160,94,3,0,2,1,1,1,1,1,1,1,2,1,2,31,22.67053241043645,0
52,1,170,74,2,0,1,1,0,1,1,1,0,0,0,1,0,23,20.51600011543632,0
42,1,181,94,0,1,0,0,1,0,1,1,1,1,0,1,0,34,21.21792447531209,0
22,1,175,65,1,0,1,1,0,0,1,1,0,1,1,1,0,16,26.156174860615657,0
31,1,175,57,1,1,0,0,1,1,1,1,1,0,0,1,1,22,22.907915124145795,0
23,1,183,69,1,1,1,1,1,1,1,1,1,0,1,1,0,35,26.90314450767349,0
41,1,180,84,1,2,1,1,1,1,1,1,1,1,1,1,0,23,23.31086355086336,0
23,0,170,68,0,1,3,1,1,1,1,0,1,1,2,1,0,12,25.501236370933647,0
33,1,180,68,1,1,1,1,1,1,1,1,1,1,1,1,0,28,19.49840864320574,0
40,1,175,84,1,1,1,1,0,1,1,0,0,1,1,1,0,16,23.37859646495667,0
29,1,170,73,1,1,1,1,1,1,0,0,1,0,2,1,0,22,26.392709996865737,0
54,1,169,60,1,0,4,0,1,1,0,1,1,1,1,1,0,34,22.66631423714032,0
25,1,177,80,0,0,1,1,1,1,1,1,1,1,1,1,1,14,28.503247501253536,0
31,1,175,91,1,1,2,1,1,1,0,0,1,1,2,1,0,36,25.41020517856139,0
47,1,162,74,1,1,3,1,1,1,1,1,1,1,2,1,0,29,27.32854087720621,0
49,1,174,55,1,1,4,1,0,1,1,1,0,1,1,2,0,10,18.461817213597563,0
34,1,170,60,1,1,3,0,1,1,1,0,1,1,2,1,0,16,21.811330691403576,0
26,1,183,69,2,1,3,1,0,1,1,0,0,1,2,1,0,36,19.31345585526968,0
58,1,178,65,1,0,2,1,1,1,1,1,0,1,2,1,0,20,28.75980202754528,0
54,1,151,58,0,0,1,1,1,1,1,1,1,0,1,1,3,11,22.955966213309253,0
20,1,172,76,1,1,2,1,0,0,1,1,0,1,1,1,0,21,24.4450945666602,0
53,1,172,65,2,2,4,1,1,0,1,1,1,1,1,1,1,15,22.8319036766199,0
45,1,183,60,1,0,0,1,1,1,1,1,1,1,1,1,0,12,23.727790968869392,0
58,1,185,95,2,1,4,1,1,1,1,0,1,1,1,1,0,38,27.451979394281484,0
25,1,180,86,1,1,4,1,1,1,0,1,1,1,2,1,1,32,22.33846794949653,0
23,1,183,61,1,1,3,0,1,0,1,1,0,0,2,1,0,13,29.578918033690982,0
54,1,170,65,1,0,2,1,1,1,1,1,1,1,1,0,0,16,21.16139576321728,0
52,1,152,62,3,2,1,0,1,1,1,0,1,1,1,0,0,22,21.52607742394732,0
34,1,175,72,2,0,2,1,0,1,1,1,0,1,2,1,0,18,26.73416957450278,0
41,1,179,82,0,1,3,0,1,1,1,1,1,1,1,1,0,37,19.953687651492075,0
59,1,190,51,3,1,3,1,1,1,1,1,1,1,1,1,0,37,21.6132383755223,0
40,1,171,56,1,0,0,0,1,0,0,1,1,1,1,1,0,10,27.23029560693704,0
32,1,167,75,2,1,0,1,1,1,1,1,1,1,1,0,6,16,28.72998980021703,0
56,1,170,64,1,1,2,0,1,1,1,1,0,1,0,0,0,39,26.51734760031568,0
23,0,152,78,3,2,1,1,1,0,1,1,1,0,1,1,0,39,28.6933405804752,0
54,1,168,80,1,2,3,1,1,1,0,1,1,1,0,0,1,16,29.56626832934682,0
22,1,169,60,1,1,2,1,1,1,1,0,1,1,1,0,0,24,26.94077133984033,0
58,1,177,53,3,1,3,0,1,0,0,1,1,1,2,0,0,23,18.32457147856957,0
21,1,172,70,3,1,1,1,0,1,1,0,1,0,1,1,1,25,18.02732184273334,0
28,1,170,61,3,1,2,1,0,0,1,0,0,1,1,1,0,34,26.263480891313,0
32,1,162,62,1,2,3,1,0,1,1,0,0,1,2,1,1,19,25.87759292739169,0
29,1,172,60,1,0,3,1,1,1,1,1,1,1,2,0,3,34,26.52478458799076,0
45,1,172,58,1,1,0,1,1,1,1,1,1,1,2,1,20,14,28.43142712965024,0
53,0,179,51,0,2,1,1,1,0,1,1,0,1,2,1,0,16,19.419037810145426,0
59,1,175,110,2,2,1,1,1,1,1,0,1,1,1,0,0,26,25.64369225532574,0
33,1,173,75,2,1,1,0,1,1,1,1,0,1,2,1,0,35,21.22181492699678,0
46,1,175,56,1,1,1,0,1,1,1,1,1,1,1,1,0,11,22.700637678883236,0
57,1,160,71,3,1,1,1,1,1,1,1,0,0,1,1,0,21,18.15830863184977,0
52,1,170,70,0,1,2,0,1,0,1,1,0,1,2,0,0,29,20.385787926676464,0
29,1,185,67,1,1,0,1,0,1,0,0,1,0,0,0,0,20,18.29607032475126,0
35,0,175,72,2,1,1,0,1,1,0,1,1,1,0,1,0,20,24.2212147365413,0
48,1,178,126,2,1,3,1,0,1,1,0,1,1,1,1,1,12,20.00243216307672,0
23,1,160,62,1,1,3,1,1,1,1,1,1,1,2,1,0,28,28.808511563198454,0
59,1,172,64,0,1,4,1,1,1,1,1,0,1,1,1,0,20,23.99949469066126,0
47,0,170,60,2,1,1,1,1,1,1,1,1,1,1,1,0,11,27.7094996034356,0
21,0,176,80,2,1,3,1,1,1,1,0,1,1,2,1,1,35,25.815209729853727,0
34,1,178,86,2,1,4,1,1,1,1,1,1,1,1,1,0,11,18.9314347055064,0
52,1,171,120,1,1,1,1,1,1,0,0,1,1,1,0,0,38,25.397123248491432,0
51,1,177,85,3,1,0,1,1,0,0,1,1,1,1,1,0,33,20.2212864202429,0
49,1,175,70,2,0,1,1,1,1,1,1,0,1,1,1,0,21,21.50705991936124,0
25,1,180,55,0,1,1,1,1,1,0,1,1,1,2,1,0,12,20.114898567116576,0
57,0,180,84,1,0,1,0,1,0,1,1,1,1,2,0,1,10,22.84021074031897,0
58,1,170,59,2,1,0,1,1,1,1,1,1,1,1,1,1,18,25.364313444809284,0
36,1,176,91,0,1,4,1,1,1,1,1,1,1,1,1,1,29,28.014971145133632,0
42,0,167,70,1,0,3,1,1,1,1,0,0,1,1,1,0,25,20.15471182240512,0
28,1,188,70,0,1,1,1,1,1,0,1,1,1,1,1,0,20,22.389365850573032,0
42,1,174,60,1,2,3,0,0,1,0,1,1,1,1,1,0,37,26.017670866775013,0
54,1,173,72,2,1,2,1,1,1,0,1,1,1,0,0,0,17,25.099201403891552,0
31,1,170,102,2,1,3,1,1,0,0,0,1,1,2,1,0,10,29.81167041040672,0
31,1,173,65,1,1,0,1,1,0,1,1,1,1,2,1,0,25,28.563359896970727,0
29,0,178,77,1,1,4,1,0,1,1,1,1,1,2,0,0,29,26.580642831587834,0
41,1,172,54,2,1,1,1,1,1,1,1,1,1,0,1,18,19,18.03674730897493,0
36,0,170,65,1,2,2,1,0,1,1,1,1,1,1,1,0,27,28.991386714560026,0
47,1,157,73,2,1,4,1,0,1,0,0,1,0,1,1,1,26,22.07096198876353,0
42,1,172,82,2,1,3,1,1,1,0,0,1,1,2,1,0,35,26.227412233572597,0
48,1,178,69,1,0,4,1,0,1,1,1,1,1,2,1,0,26,27.08738349740865,0
44,1,175,90,2,0,3,1,1,1,1,0,1,1,2,0,0,11,19.769801157112404,0
31,1,175,85,0,2,1,1,0,1,1,1,1,1,2,1,0,30,23.669019194103484,0
29,1,170,72,2,1,1,1,1,1,1,1,1,1,2,2,0,31,26.17400374384085,0
27,1,173,68,1,1,1,0,1,0,1,1,0,1,1,1,0,25,27.102873142409287,0
26,1,171,68,1,1,1,1,1,0,0,1,1,1,1,1,0,26,25.93932250088722,0
28,1,178,77,0,1,1,1,1,1,1,0,0,1,1,1,0,11,24.16049393059959,0
27,1,170,98,1,1,2,1,1,1,1,1,1,1,0,1,0,26,28.93327658174801,0
21,1,177,64,1,1,4,1,0,0,0,0,1,1,1,1,0,23,25.069844359287867,0
49,1,181,77,1,1,0,1,1,0,1,1,0,1,2,1,0,19,26.445427678351592,0
33,1,180,65,2,1,3,1,0,1,1,0,1,1,2,1,0,13,21.63525786788351,0
56,1,176,74,3,1,0,0,1,1,1,1,0,1,1,1,0,20,28.49837614439017,0
29,1,172,85,1,1,0,1,1,1,1,1,0,0,2,1,0,12,23.99905565465612,0
46,1,182,67,2,1,1,1,1,0,0,1,0,1,2,2,0,24,24.69209679107574,0
38,0,186,66,2,1,4,0,1,1,1,1,1,1,1,1,0,39,20.64941023900921,0
36,1,179,60,2,1,3,0,1,1,0,0,1,1,2,1,0,18,24.634969259393472,0
28,0,160,65,1,0,4,1,1,1,1,1,1,1,1,2,0,12,23.390442003943683,0
45,1,173,75,1,1,0,1,0,0,1,1,1,1,2,1,1,25,24.595922616765755,0
23,1,177,60,2,1,2,1,1,1,1,1,0,1,1,1,0,29,29.350721305815185,0
41,0,178,74,1,0,2,1,1,1,1,1,1,1,2,0,8,31,19.31496227687953,0
42,1,175,70,1,1,2,0,1,1,1,1,0,1,2,1,1,16,23.216156484876645,0
45,1,174,70,3,1,1,0,1,1,1,1,1,1,0,1,0,18,22.63345545813461,0
39,1,169,72,1,0,1,1,1,1,0,1,1,1,1,1,0,22,27.80905640272837,0
39,1,175,65,1,1,1,1,1,0,0,0,1,0,1,1,0,31,24.19336723998716,0
42,1,170,84,1,0,1,1,1,1,1,1,1,1,1,1,0,37,25.28492455469589,0
51,1,170,65,1,0,1,1,0,0,1,1,1,1,0,1,8,25,21.552805683129964,0
54,1,170,80,0,0,1,1,1,1,1,1,1,0,1,1,0,18,29.78945117027472,0
41,1,177,60,2,0,2,1,0,1,1,0,1,1,1,1,20,19,29.03638263354531,0
41,0,170,75,1,1,1,0,1,1,1,1,1,1,2,0,7,26,27.362619967461026,0
39,1,175,82,1,1,0,1,1,1,1,0,1,1,2,1,0,36,21.22008194960752,0
59,1,170,72,2,1,3,1,1,1,1,1,0,1,2,1,0,37,24.668789439548128,0
52,0,179,76,1,0,2,1,0,1,1,1,0,1,2,1,0,17,20.021066052301048,0
52,1,170,62,1,1,1,1,1,1,1,1,0,1,1,1,1,34,21.656724701071333,0
23,1,152,77,1,2,1,1,1,0,1,1,1,0,1,1,0,39,25.536147980761925,0
42,1,175,71,2,1,3,1,1,0,1,1,1,1,1,1,1,15,27.050233153879077,0
27,1,185,90,1,1,2,1,1,1,1,1,1,1,0,1,0,28,23.68021439708313,0
43,1,175,60,1,1,1,1,1,0,1,1,1,1,1,1,0,17,23.040734150913536,0
24,0,170,68,1,0,1,1,1,1,1,1,1,1,1,1,0,10,20.16348570774065,0
50,0,150,67,3,1,1,1,1,1,1,1,1,1,1,1,0,35,20.590939085909625,0
28,1,180,67,1,1,0,0,0,1,1,1,0,1,2,1,8,24,18.926209462233796,0
53,1,175,70,1,2,1,1,1,1,1,1,1,1,2,1,0,22,25.110098303659107,0
44,1,176,74,1,0,2,1,1,0,1,1,1,1,1,1,0,26,22.01049048650581,0
44,1,181,65,0,1,3,1,1,0,0,1,1,1,2,1,0,39,26.65912247349249,0
48,1,175,60,0,2,2,1,1,1,1,1,0,1,2,1,0,18,19.5736819736834,0
42,1,177,65,0,1,2,0,0,1,1,1,1,1,2,1,0,21,19.27267628599637,0
56,1,175,65,1,1,1,1,1,1,0,1,1,1,2,1,0,35,19.988034393805588,0
34,0,172,89,1,1,3,0,1,1,1,1,1,1,1,1,0,18,27.238568843093667,0
29,1,168,75,1,1,1,1,1,1,1,1,1,1,2,1,2,15,23.567390867686157,0
36,1,174,84,1,2,2,1,1,0,1,0,1,1,2,1,0,13,26.222008308680905,0
55,1,176,60,3,0,3,1,0,0,1,1,1,0,0,1,0,33,18.007206038759428,0
40,1,172,86,1,1,4,0,1,1,0,0,0,1,2,1,0,36,20.52676928597496,0
51,1,184,81,1,1,0,1,1,1,0,1,1,1,1,1,0,31,23.965591313896745,0
39,1,182,70,1,0,1,1,1,1,1,1,1,1,1,1,0,14,26.75348005464729,0
31,1,175,68,1,1,3,0,1,1,1,1,1,1,2,0,0,30,28.31070082918408,0
24,0,178,67,1,1,4,1,1,1,1,0,1,1,1,1,0,32,18.546195436211967,0
25,1,170,57,1,1,1,1,1,1,1,1,0,1,1,1,0,25,25.51178448421935,0
31,1,176,73,1,1,3,1,0,1,1,0,1,1,2,1,0,21,18.316609615068742,0
21,1,169,68,1,1,4,0,1,0,1,1,1,0,0,1,0,35,18.4054861974818,0
55,1,161,75,1,1,2,0,1,1,1,1,1,1,1,1,14,22,25.228805202882647,0
42,1,183,68,1,1,1,1,1,1,0,0,1,1,0,1,0,27,26.11042899450244,0
27,1,175,75,1,0,0,1,1,0,0,1,1,1,1,1,0,10,22.71615451405417,0
56,1,175,63,0,1,2,1,1,1,1,1,1,1,1,1,0,19,24.580401948641207,0
26,1,170,74,2,1,1,1,1,1,1,1,1,1,0,1,6,23,28.65628566813882,0
54,1,165,67,3,1,2,1,1,1,1,1,1,1,1,2,0,37,26.444002097304327,0
48,1,162,68,1,1,2,1,1,0,1,1,1,1,1,1,0,13,18.943516413948814,0
29,1,171,75,2,1,1,1,1,1,0,0,1,1,1,1,1,21,19.642159945493475,0
48,1,156,75,2,1,2,1,1,1,1,1,1,1,1,1,0,17,23.678206863454392,0
40,1,183,56,3,2,1,1,0,1,1,0,1,1,2,1,0,28,25.23127706868551,0
27,0,178,80,3,1,4,0,0,1,1,1,1,1,1,1,0,27,28.45792383223668,0
47,1,175,120,1,0,0,1,1,1,1,1,1,1,1,1,0,34,18.77583502873954,0
37,1,180,57,1,2,2,0,1,0,1,1,1,0,1,1,1,37,27.94643168457409,0
31,0,166,85,1,1,0,1,0,1,0,1,1,1,1,0,0,16,29.726667461244134,0
40,1,175,65,2,1,2,1,0,1,1,1,1,1,1,1,1,32,20.82227681049413,0
46,1,163,60,1,0,2,1,1,1,0,1,0,1,2,1,0,32,21.960819073430724,0
45,1,175,75,0,1,1,0,1,0,0,0,1,1,1,1,0,11,21.32470698844671,0
24,1,172,73,3,1,1,1,0,1,1,0,0,1,1,1,0,13,29.80311927318588,0
36,1,178,91,1,1,1,1,0,1,1,1,1,1,2,0,0,10,26.547598454178974,0
40,1,193,52,0,0,1,0,1,1,1,1,0,1,2,1,0,24,24.73219715597696,0
23,1,172,69,3,1,0,1,0,1,1,1,1,1,1,1,0,34,18.49975377175503,0
52,1,170,76,1,0,0,1,0,1,1,1,1,1,2,1,1,35,18.65630306414246,0
24,1,170,70,1,1,1,0,1,0,0,0,1,1,1,1,0,31,21.146928766680706,0
46,1,170,60,2,1,1,1,1,1,1,0,1,1,1,1,0,20,24.33468422780776,0
34,1,167,64,2,1,4,1,1,1,1,0,1,1,2,1,0,27,19.0966399635894,0
56,1,175,70,1,1,2,0,0,1,1,1,1,0,0,1,1,32,27.47099216625074,0
45,1,180,63,2,1,2,1,1,1,0,0,1,1,1,1,1,27,18.354789079530736,0
21,1,173,65,1,1,2,0,0,1,1,1,1,1,1,1,0,31,25.01384888774684,0
49,1,183,80,2,1,3,1,0,1,0,1,1,1,1,1,0,33,24.03658796538136,0
39,1,177,70,1,1,4,1,1,1,1,1,1,1,1,1,0,37,20.08550708795881,0
20,0,175,55,3,1,1,1,0,1,1,1,1,1,1,1,0,25,23.90440736110063,0
58,1,170,63,0,0,3,1,1,1,0,1,0,1,2,1,0,25,28.231323294971396,0
45,1,175,110,1,1,1,1,1,1,1,0,1,1,2,1,0,39,20.875717610859816,0
40,0,174,65,1,2,2,1,0,0,1,1,1,0,2,1,1,13,26.204754011088667,0
22,1,163,75,1,1,2,1,1,1,1,1,1,1,2,1,1,31,24.712246194170525,0
24,1,159,75,1,1,3,1,0,1,1,1,1,1,0,1,6,13,23.67616048136261,0
34,1,180,60,2,1,2,1,0,1,0,1,1,1,1,1,1,11,19.29534904416053,0
47,1,170,65,1,2,1,1,1,1,1,1,1,1,1,1,0,14,21.161651901208494,0
46,1,168,68,0,1,0,0,1,1,0,1,1,1,1,1,0,39,29.82544378240281,0
49,1,180,90,1,1,3,0,0,1,1,1,0,1,1,1,0,10,23.079421030603196,0
32,1,171,74,1,1,0,1,1,1,1,1,1,1,1,1,0,15,20.84089163180793,0
22,1,178,87,2,1,1,1,0,1,1,1,1,1,1,1,0,22,28.378923732607824,0
22,1,179,66,1,0,2,1,1,1,1,1,0,1,1,1,0,35,26.505824566342167,0
28,2,178,79,2,1,3,1,1,1,0,0,1,1,2,1,0,27,21.614734824948048,0
48,1,174,67,3,1,4,1,1,1,1,1,1,0,1,1,1,21,27.04845746519588,0
56,1,177,61,1,1,1,1,1,0,1,0,1,0,2,1,0,28,29.88150194913262,0
30,1,177,75,1,1,2,1,0,1,0,0,1,0,1,1,0,26,19.503022713866915,0
30,1,171,62,1,0,2,1,1,0,1,1,0,1,2,1,1,34,28.57701368023799,0
55,1,180,80,1,2,2,1,1,1,1,1,1,1,2,0,1,34,21.382465497392715,0
22,1,183,69,0,1,4,1,1,0,1,1,1,1,2,1,0,30,18.867293471137195,0
48,1,171,62,1,2,0,1,1,1,1,0,0,1,1,0,0,34,25.468076420634564,0
58,1,180,70,1,2,3,0,1,0,1,1,1,1,1,1,0,31,25.420985189666386,0
51,1,165,65,3,1,1,1,1,1,1,1,1,1,0,2,0,31,27.896465006002167,0
38,1,173,78,0,1,1,1,0,1,1,0,0,1,1,1,0,23,26.03318092729451,0
33,1,183,110,1,0,4,1,0,1,1,1,1,0,1,1,1,24,27.35228101018073,0
48,1,175,79,1,1,2,1,1,1,1,1,1,1,1,0,0,35,25.879021174776437,0
35,1,172,59,1,1,0,1,0,1,1,1,1,1,1,0,0,39,28.15825785242541,0
41,1,174,70,1,2,1,1,1,1,1,1,1,0,1,1,0,22,21.831632928656973,0
26,1,182,73,3,2,1,0,0,1,0,1,1,1,1,1,72,10,20.914394236274585,1
35,1,170,60,1,1,0,0,1,1,0,1,1,1,1,1,0,18,26.34108971062944,0
57,1,170,62,1,1,3,1,1,1,0,1,1,1,2,1,0,23,26.970979400294013,0
54,1,170,94,1,1,2,1,0,0,1,0,0,1,0,1,0,14,24.303666975008102,0
24,1,165,69,1,2,4,1,1,1,1,1,1,1,1,1,0,20,23.061347885273022,0
29,1,182,62,3,1,1,1,0,0,0,1,1,1,1,1,0,19,24.310283039593187,0
31,1,182,75,1,0,1,1,1,0,1,1,1,1,1,1,0,28,23.019037979186223,0
53,0,178,69,1,1,2,1,1,1,1,1,1,1,2,1,0,37,18.496141029606484,0
38,1,170,118,1,1,0,1,1,0,1,0,1,1,2,1,0,21,27.41117279328316,0
22,1,164,60,1,1,0,0,0,0,1,0,1,1,2,0,4,28,23.42864943821798,0
48,0,164,77,3,1,2,1,1,1,0,1,1,1,0,2,0,10,27.720186445067885,0
49,1,170,64,1,1,1,1,1,1,1,1,1,1,1,0,0,26,20.98913827565502,0
28,1,170,70,1,1,3,1,1,1,1,1,0,1,1,1,0,26,24.771091545407423,0
44,1,180,80,3,1,1,1,1,1,1,1,1,1,1,1,3,21,23.11580542048119,0
32,1,162,50,1,1,0,1,0,1,0,1,0,1,1,1,0,24,29.11163882156445,0
57,1,172,71,2,1,2,1,0,0,1,0,1,1,1,1,0,31,18.36327166886528,0
22,1,176,73,3,1,1,1,1,0,1,1,1,1,0,1,0,35,20.82471125646022,0
38,0,175,56,0,1,3,0,1,1,1,1,1,1,0,1,0,26,25.063824269130976,0
50,1,176,75,1,0,1,1,1,1,1,1,0,1,0,1,0,23,24.931592125856707,0
25,1,186,120,3,1,1,0,1,0,1,1,1,0,1,1,0,39,28.81013367370572,0
22,1,176,69,1,1,0,0,1,0,1,0,1,1,1,1,0,25,26.47120983791371,0
37,1,172,74,2,1,4,1,1,1,1,1,1,1,1,1,0,37,27.145362684345702,0
22,1,170,76,3,1,0,1,1,1,1,1,1,1,2,1,0,37,23.267239715349707,0
48,1,183,60,1,1,1,1,1,1,1,1,1,1,2,0,0,33,18.92932428031906,0
28,1,175,68,1,1,4,1,1,1,1,0,1,1,1,1,0,15,24.664577830533723,0
32,1,170,75,1,2,1,0,1,1,1,1,0,1,2,1,0,17,26.55093112434422,0
55,1,180,84,2,1,2,1,1,1,1,1,0,1,1,2,0,19,18.746885137585533,0
47,1,175,69,0,1,4,1,1,1,1,1,1,0,2,1,0,32,23.080660571176185,0
35,1,170,62,1,1,4,1,1,1,1,1,1,1,1,0,0,18,18.892047181505617,0
38,1,182,63,1,1,4,1,1,1,1,0,0,1,2,0,0,26,26.36713917759638,0
58,1,151,58,1,0,4,1,1,1,1,1,1,1,2,1,0,35,18.437178593924703,0
50,2,175,60,1,0,4,1,0,1,1,1,1,1,2,2,0,31,22.43705394720416,0
53,1,170,60,1,2,1,0,1,1,1,1,0,0,1,1,0,20,22.516721511363443,0
54,1,183,62,1,1,4,1,0,1,1,1,1,1,2,1,0,30,27.439925472981187,0
54,1,150,68,3,1,0,1,1,1,0,0,1,1,2,0,0,26,25.205225677752416,0
24,1,170,66,1,1,3,1,1,1,1,1,1,1,1,1,0,15,22.294811499938604,0
36,1,165,88,3,2,3,1,1,0,1,0,1,0,1,1,4,15,25.237308443576037,0
41,1,156,68,2,1,1,0,0,1,1,1,1,1,2,1,1,21,18.769166107667285,0
55,1,178,91,1,1,2,1,1,1,1,0,1,1,2,1,0,20,26.387310143427054,0
42,0,171,75,1,2,2,1,1,1,1,0,1,1,1,1,0,31,21.99209503723028,0
56,0,162,75,1,1,3,1,1,1,1,1,0,1,1,0,0,30,26.962032062376643,0
44,1,173,70,1,0,3,1,1,1,1,1,1,0,0,1,0,32,22.35811387246452,0
36,0,172,51,1,1,4,1,0,1,1,0,1,1,1,1,0,25,22.38661860156124,0
36,1,175,73,1,1,1,1,1,0,0,1,1,1,2,1,0,18,20.72673402353909,0
39,1,180,62,1,0,2,1,1,1,1,1,0,1,1,1,0,21,23.65111482878448,0
53,1,171,60,2,1,3,1,1,0,1,0,1,1,1,1,1,10,20.265770350107893,0
42,1,178,75,1,1,3,0,1,1,1,1,1,1,2,1,20,34,24.306911343016523,0
54,1,172,65,0,1,4,1,1,0,1,0,0,1,1,1,0,27,29.03235401414192,0
39,1,162,79,1,1,3,0,1,0,0,1,1,1,1,0,0,36,19.436856354203464,0
38,1,179,60,3,1,1,1,1,1,1,1,1,1,0,0,5,15,19.078087261418336,0
25,1,180,61,3,1,0,1,1,1,1,1,0,1,0,0,0,18,28.294309313001342,0
43,1,168,70,1,1,1,1,1,0,1,0,1,1,2,1,0,31,28.1194357664163,0
42,1,170,75,1,1,3,0,1,1,0,1,0,0,2,1,1,18,25.71595598087876,0
34,1,178,53,0,1,3,1,0,1,0,1,1,0,1,0,1,10,23.115925934280817,0
43,1,168,120,1,1,0,1,1,1,1,1,1,0,0,1,0,26,20.76656479723457,0
58,0,170,62,1,1,1,1,1,0,0,1,0,0,2,0,0,29,18.790325868464176,0
41,1,152,75,2,2,4,1,1,0,1,1,0,1,1,1,0,21,26.54874783302516,0
31,1,165,66,1,1,4,1,0,1,1,1,0,1,0,0,0,26,25.82486416970913,0
50,1,176,88,3,1,4,1,1,0,1,1,1,1,1,1,0,15,19.356018386627927,0
54,1,179,62,1,0,3,1,1,1,1,0,1,1,1,1,0,35,22.057434809745622,0
36,1,179,64,1,0,1,1,1,1,1,0,1,1,1,1,0,32,18.751972947770767,0
59,1,178,60,1,2,0,0,0,1,0,1,1,1,2,0,0,35,21.780559620841277,0
55,1,172,67,1,1,2,1,1,1,1,0,1,1,1,2,0,21,24.369310670587044,0
55,0,180,65,0,1,4,0,1,0,1,1,1,0,2,1,20,17,24.0015751893899,0
38,0,169,120,1,1,0,1,1,0,1,1,1,1,1,1,0,11,25.8395345490635,0
53,0,175,65,1,1,2,1,0,1,1,1,1,1,2,1,0,29,26.509029630904628,0
24,1,174,63,1,1,1,0,1,1,1,1,1,1,1,1,0,33,21.262620656494374,0
59,1,175,67,1,1,2,1,0,1,1,1,0,1,1,0,12,34,27.57792343164224,0
54,1,172,80,1,0,4,1,1,1,1,1,0,1,0,1,7,26,26.61129001354632,0
55,0,168,64,1,0,0,1,1,1,0,1,1,1,1,1,1,33,29.518836845620363,0
51,1,173,56,1,1,1,0,1,1,1,1,1,1,1,1,0,23,22.6199992080264,0
40,1,183,95,1,1,0,0,0,1,1,0,1,1,1,1,0,29,26.92665492408814,0
58,0,178,75,1,1,2,1,1,1,1,1,0,1,2,1,0,31,24.0146196864319,0
55,0,170,51,1,0,0,0,1,1,1,0,1,1,1,1,1,18,25.044306234639905,0
29,1,182,65,3,1,1,1,1,1,1,1,1,1,1,1,0,19,18.576460760831,0
53,1,178,70,1,1,2,0,1,1,1,0,1,1,1,1,0,37,19.91497917533588,0
40,1,175,86,1,1,3,1,1,1,1,1,1,1,1,1,0,17,29.55094256920411,0
29,1,175,67,3,1,1,0,0,0,0,1,1,0,1,1,0,33,23.528128128554087,0
37,0,173,62,1,0,4,0,0,1,1,1,1,1,1,1,0,38,27.57118241238601,0
54,1,177,70,1,1,1,1,0,1,1,0,1,1,2,1,0,19,20.9340495015227,0
50,1,176,124,1,1,3,1,1,1,1,1,1,1,1,1,0,27,28.192317091903234,0
38,1,171,70,1,1,1,1,0,0,1,1,0,1,0,1,0,39,21.691221093263245,0
20,1,160,85,2,1,0,0,1,1,0,1,1,1,1,1,0,22,26.885604272995465,0
47,1,180,88,1,2,0,1,1,1,1,0,1,1,2,1,0,28,28.94274752715257,0
50,1,162,70,1,1,1,1,1,0,0,0,1,0,1,1,0,18,19.889132327553668,0
32,1,175,75,2,1,0,1,1,1,0,1,1,1,1,1,0,19,20.35499522525323,0
34,1,180,70,3,1,0,1,0,1,0,1,1,1,1,1,8,34,23.92955546036216,0
29,1,175,58,1,1,0,1,0,1,1,1,1,1,2,1,0,34,22.9803101707756,0
51,1,166,60,1,1,2,1,1,1,1,1,0,1,1,1,1,19,21.2071984338892,0
22,0,164,74,1,1,0,1,0,1,1,1,1,1,1,1,0,20,19.10587176160213,0
40,1,176,77,0,1,0,0,1,1,1,1,1,1,0,1,0,20,29.05622566589734,0
56,1,162,90,2,1,2,1,0,0,1,1,0,1,1,1,0,12,27.449657141113228,0
53,0,178,91,1,0,2,0,1,1,1,1,0,1,1,1,0,11,28.677372248975068,0
59,1,170,76,2,1,4,1,0,1,1,1,1,1,2,2,0,37,25.738770438921883,0
43,1,183,52,2,0,2,1,0,1,0,1,0,0,1,0,0,29,19.99456839240775,0
48,0,175,90,1,2,1,1,1,1,0,1,1,1,1,0,0,27,20.66816674312287,0
55,1,156,78,1,0,3,1,1,0,1,1,1,1,2,1,0,21,18.186203808891676,0
51,1,170,88,3,1,1,0,1,1,1,1,1,1,2,1,0,10,28.007231415235907,1
54,1,170,70,1,1,1,1,1,0,1,1,1,1,1,1,0,26,20.0,1
25,1,170,62,3,1,4,0,1,1,0,1,1,1,2,1,1,40,24.0,1
25,0,168,57,1,1,2,0,0,1,1,1,1,1,2,1,0,41,23.0,1
32,1,172,74,0,1,2,1,1,1,1,1,1,1,1,1,1,36,28.04743201267012,1
21,1,174,75,1,2,1,0,1,1,1,1,1,1,2,1,1,13,22.0,1
47,1,155,70,1,1,1,1,1,1,1,1,0,1,1,1,0,24,20.495266581741514,1
22,1,166,58,1,1,2,1,1,1,1,0,1,1,0,1,0,30,26.505824566342167,1
47,1,167,95,1,1,2,1,1,1,1,0,0,0,1,2,0,40,24.0,1
26,1,179,60,2,1,2,1,1,0,1,1,1,1,0,1,0,39,28.784902475862765,1
41,1,175,72,1,3,0,1,1,1,1,0,1,1,2,1,0,11,24.0,1
22,1,185,60,1,1,1,0,1,1,1,1,0,1,2,1,1,48,26.0932752014797,1
36,1,190,88,1,1,3,1,1,1,1,0,1,1,2,1,1,30,23.5102040816327,1
38,1,169,86,1,1,0,1,1,1,1,1,1,0,2,1,21,43,22.7163951625026,1
49,1,168,72,1,1,1,0,1,1,0,1,1,1,2,0,0,30,40.8304498269896,1
22,1,177,80,1,2,1,0,0,1,1,1,0,1,1,1,1,20,25.9259259259259,1
43,1,181,70,1,2,1,0,1,1,0,1,1,0,1,1,0,41,29.56626832934682,1
30,1,170,75,0,1,3,0,0,1,1,1,1,1,1,1,0,48,26.0,1
22,1,172,130,1,1,3,1,1,1,0,1,1,1,1,1,20,18,24.804493813499526,1
24,1,173,80,1,1,2,0,0,1,1,1,0,1,1,0,0,18,23.0,1
46,1,180,102,1,0,1,1,0,0,1,0,0,1,2,0,0,34,22.0,1
24,1,167,73,1,0,1,0,1,1,0,1,1,1,0,1,0,19,23.216156484876645,1
40,1,185,59,3,2,4,1,1,1,1,1,1,1,0,1,1,13,27.1020408163265,1
27,1,178,56,1,1,2,1,1,1,1,1,1,1,1,0,0,24,21.3839419960573,1
23,1,175,67,2,1,0,1,1,1,1,1,0,1,1,0,0,33,28.96781295881429,1
36,1,183,60,2,2,1,1,1,1,0,0,1,1,1,0,0,11,20.6575400021008,1
28,1,175,90,1,1,1,0,0,1,1,1,1,0,2,1,0,27,20.0,1
23,1,182,75,1,1,0,1,1,1,1,1,0,1,1,1,0,45,28.45686630934576,1
21,1,183,85,2,1,1,0,1,1,1,0,1,1,1,1,0,39,20.16348570774065,1
23,1,168,67,1,1,4,1,1,1,0,1,1,1,2,0,0,31,44.0,1
35,1,169,62,2,1,2,0,0,1,1,1,1,1,1,1,0,31,25.0,1
25,1,172,65,1,1,2,1,1,1,1,0,1,1,0,1,0,45,25.853810003135063,1
47,1,172,74,1,1,0,0,1,1,1,0,1,1,1,1,2,18,25.791799209532613,1
21,1,175,50,1,1,0,1,1,1,1,1,0,1,1,1,1,16,21.0,1
23,1,173,75,0,1,3,0,1,1,1,1,1,1,1,1,0,20,42.0,1
48,1,183,84,3,2,4,1,0,0,0,1,1,1,0,0,2,37,24.0,1
37,1,177,60,3,1,1,1,1,1,1,1,0,1,1,1,0,38,24.385126075791657,1
26,2,180,65,1,1,1,1,1,0,1,1,1,0,2,1,2,44,24.0,1
22,1,174,78,1,1,3,1,1,0,0,0,1,0,2,1,20,11,22.8571428571429,1
25,1,179,63,2,1,3,1,1,1,1,1,1,0,1,1,0,47,23.428484459352763,1
54,1,175,90,2,1,2,1,0,1,1,1,0,1,2,1,1,46,22.0,1
33,1,168,63,3,1,1,0,0,1,1,1,1,1,2,0,0,35,26.0,1
22,1,167,65,1,1,1,1,0,1,1,1,1,1,2,1,0,44,24.0,1
40,1,175,74,1,1,1,1,0,1,0,0,1,1,2,0,20,16,40.4897959183673,1
49,1,163,50,0,0,1,0,0,0,1,1,1,1,2,0,0,17,19.0,1
21,1,175,75,1,1,3,1,1,0,1,1,1,1,2,1,0,40,25.0,1
20,1,179,88,3,1,0,1,1,0,0,1,1,1,0,0,1,16,21.0,1
38,1,164,90,1,2,3,1,1,1,1,1,1,0,1,0,0,20,22.0,1
47,1,152,51,3,0,1,1,1,0,1,1,1,1,2,1,0,40,27.3356401384083,1
22,0,180,90,1,1,2,1,1,1,1,1,1,1,1,1,0,32,25.237308443576037,1
29,0,176,81,3,0,1,0,1,1,1,1,0,1,0,1,0,30,23.0,1
19,1,188,68,1,1,0,1,1,0,1,1,1,1,1,1,0,21,18.624438286038163,1
21,0,178,76,1,1,3,0,1,1,0,1,0,1,2,1,0,22,25.89386000585609,1
27,1,170,60,0,1,4,1,0,0,1,0,1,1,2,1,0,40,28.626129801758555,1
24,1,180,72,3,1,3,1,1,1,1,0,0,1,1,1,0,42,24.804493813499526,1
23,1,178,86,1,1,3,1,0,1,1,1,0,1,2,1,0,32,24.4897959183673,1
34,1,165,90,1,1,3,1,0,1,1,0,0,1,2,1,0,40,20.727983809509023,1
33,1,152,77,1,1,3,0,0,1,1,0,0,1,1,1,0,42,23.0,1
28,1,156,93,1,2,1,1,1,0,1,1,1,1,1,0,0,26,26.509029630904628,1
25,1,164,65,2,0,1,1,1,1,1,0,1,1,1,2,0,12,23.2550186382135,1
21,1,180,80,1,1,2,1,1,1,0,1,1,1,1,1,0,37,22.099650190174543,1
25,0,175,75,2,3,0,1,1,1,0,1,1,1,2,1,0,44,21.0,1
21,1,167,70,3,1,1,1,0,0,1,1,0,1,0,1,0,18,22.3954134193317,1
31,1,183,84,2,0,0,1,0,0,1,1,1,0,1,1,1,24,19.1515847936417,1
22,0,170,66,3,1,3,1,0,1,1,1,1,0,1,1,0,13,22.0,1
41,1,180,83,1,1,2,1,1,1,0,1,1,1,2,1,0,15,24.0,1
23,1,174,67,0,1,1,1,1,1,1,0,1,1,2,1,2,32,41.0,1
36,1,164,95,3,2,0,0,1,0,1,1,1,1,1,1,0,34,24.7251829329413,1
23,1,178,70,3,1,1,1,0,1,1,0,0,0,2,1,1,24,21.0,1
22,1,180,75,1,1,2,1,1,1,1,1,0,1,2,1,0,13,24.0,1
30,1,177,74,1,2,0,1,1,1,1,1,1,1,1,0,0,25,26.51864440757005,1
25,1,175,64,1,2,4,1,1,1,1,1,1,1,2,1,18,42,23.0,1
21,0,175,63,1,0,2,1,1,1,1,0,1,1,2,1,0,11,22.0,1
45,1,170,83,2,1,3,1,1,1,0,0,0,1,2,1,0,32,24.497114727393058,1
24,1,181,63,1,1,3,0,1,1,0,1,1,1,2,1,0,49,28.1194357664163,1
22,1,174,75,1,1,4,1,1,1,1,1,1,1,1,1,0,45,24.0,1
22,1,178,70,3,1,2,1,1,1,1,0,0,1,2,2,0,24,20.5150864789799,1
26,1,171,63,3,0,1,0,1,0,1,0,1,1,0,1,0,25,25.01384888774684,1
29,1,168,65,0,1,2,0,1,1,1,1,0,1,1,0,1,49,21.5138585105239,1
21,1,165,57,1,0,1,1,1,1,0,0,1,1,1,1,0,42,21.1072664359862,1
38,1,175,80,1,1,2,0,1,1,0,1,1,1,1,0,0,44,22.0,1
23,1,176,51,1,2,1,1,1,1,1,0,0,1,1,1,0,14,20.0,1
21,1,160,57,1,1,3,1,1,1,1,1,0,1,1,1,1,16,28.626129801758555,1
48,1,170,60,1,1,2,1,1,1,1,1,0,1,2,0,0,26,21.99922855681668,1
21,1,177,60,3,2,2,1,1,1,1,1,1,1,1,0,0,35,22.575000309993825,1
33,1,177,61,0,1,2,0,0,1,1,1,1,1,1,0,0,30,19.503022713866915,1
46,0,175,67,3,1,2,1,0,1,0,1,1,1,0,0,1,12,22.0,1
19,1,175,70,2,1,1,1,1,1,0,1,1,1,2,1,0,24,26.885604272995465,1
59,1,178,74,1,1,0,0,0,0,1,1,1,1,2,1,0,13,25.815957468202143,1
23,0,169,51,2,2,0,1,1,1,0,0,1,0,1,1,1,37,28.15825785242541,1
26,1,175,59,3,1,1,0,1,1,0,1,1,1,1,2,0,33,22.3214285714286,1
58,0,171,65,0,1,3,1,1,1,1,1,1,1,2,0,1,41,27.388290821731868,1
34,1,168,80,3,1,2,1,0,1,1,1,0,1,1,1,0,25,20.2865079117381,1
19,1,170,65,1,1,3,1,1,1,0,0,1,1,1,0,1,19,22.038567493113,1
51,1,156,66,2,2,2,0,1,1,1,1,1,1,1,1,0,19,25.7116620752984,1
30,1,172,90,1,1,1,0,0,1,1,0,1,1,2,1,1,14,22.530612244898,1
23,1,175,75,1,2,2,0,0,0,1,0,0,1,1,2,1,24,28.991386714560026,1
50,1,171,62,1,1,2,0,0,1,1,1,0,1,1,1,0,14,19.469092090840853,1
26,1,175,61,1,1,1,1,1,1,1,1,1,1,1,0,0,26,29.518836845620363,1
23,1,175,76,2,1,2,1,1,1,1,1,1,1,2,1,0,24,20.84089163180793,1
22,2,171,61,1,1,2,1,1,1,0,1,1,1,1,2,1,37,22.0,1
20,1,180,54,1,1,0,1,1,1,1,1,1,0,1,1,0,42,24.0,1
59,1,182,80,1,1,4,0,1,0,1,1,0,1,1,0,0,36,28.25628525399285,1
33,1,175,75,2,1,4,1,1,1,1,1,1,1,2,0,10,20,19.5918367346939,1
45,1,170,85,1,0,0,0,1,0,1,1,1,1,1,1,0,20,20.51600011543632,1
23,1,171,56,1,1,1,1,1,1,0,1,0,1,1,1,0,48,24.0,1
22,1,167,65,3,0,3,1,0,1,1,1,0,1,0,1,1,26,24.2214532871972,1
24,1,172,75,1,0,4,1,1,0,1,1,1,1,2,1,1,10,21.0,1
26,1,177,86,0,1,3,0,0,1,1,0,0,1,1,1,0,46,22.0,1
40,1,170,61,2,2,1,1,1,1,1,1,1,1,1,1,0,21,22.28853456702096,1
22,1,168,70,0,1,1,1,0,1,0,0,1,1,2,1,0,46,24.1671624033314,1
52,1,174,73,1,1,2,1,0,1,0,0,1,0,0,1,0,45,24.664577830533723,1
53,1,174,83,1,1,0,1,0,1,1,0,1,1,2,1,0,47,24.14897843369485,1
28,1,170,81,2,0,2,1,0,1,0,1,1,0,1,1,1,11,20.2865079117381,1
22,1,173,94,3,1,1,1,1,1,1,0,1,0,2,1,1,29,22.0,1
26,0,175,71,1,1,0,1,1,1,0,1,1,1,2,0,0,35,28.10670720620257,1
22,1,172,73,2,1,1,1,1,1,1,1,1,1,0,1,0,15,21.2071984338892,1
59,0,166,63,0,0,1,1,1,1,0,0,0,1,2,1,0,46,25.89386000585609,1
54,0,175,63,2,1,2,1,1,1,0,1,1,1,2,0,0,21,22.0,1
30,1,176,62,1,1,1,1,1,1,1,1,1,1,2,0,0,29,22.371454478987705,1
26,1,161,68,2,1,3,1,1,1,0,1,1,1,1,1,0,28,22.2040816326531,1
21,1,180,70,1,1,1,0,0,1,1,1,0,1,1,1,2,45,29.00733942650253,1
31,1,167,85,1,1,1,1,0,1,1,1,1,1,2,1,13,39,26.305845741520983,1
56,1,178,72,2,1,2,1,1,1,1,0,1,1,1,1,1,33,28.0,1
53,1,170,79,0,1,1,1,0,1,0,1,0,0,2,1,0,37,23.0,1
21,1,180,66,3,2,0,1,1,1,1,1,1,1,1,0,1,40,25.0,1
25,1,175,67,2,1,3,1,1,0,1,1,0,1,1,1,0,22,23.0,1
22,1,181,64,1,1,4,1,1,1,1,1,1,0,2,1,0,42,20.727983809509023,1
20,1,178,70,1,1,4,1,0,0,1,1,0,1,2,2,0,41,22.8373702422145,1
55,0,174,83,2,1,2,0,1,1,1,0,0,1,1,1,0,16,18.94686703753801,1
39,1,172,75,1,1,4,1,0,1,1,0,1,1,1,1,0,45,21.146928766680706,1
42,1,177,62,3,1,1,1,1,1,1,1,1,1,0,1,0,38,22.0,1
26,1,170,120,1,1,2,1,1,1,1,0,1,1,2,1,0,23,29.151686052446152,1
52,1,171,59,2,1,1,1,0,0,1,1,1,1,1,1,0,23,23.5294117647059,1
31,1,162,60,1,1,0,1,1,1,1,0,1,1,1,1,0,40,44.4619742550827,1
44,1,180,70,1,1,2,1,1,1,0,1,1,0,1,1,0,30,23.0,1
57,1,174,62,1,1,3,1,0,1,1,1,1,1,2,1,0,27,21.3039485766759,1
22,1,182,60,1,0,1,1,1,1,0,1,1,1,0,1,0,38,27.3192865349702,1
22,1,178,77,2,0,1,0,1,0,1,1,0,1,2,1,0,22,23.1206235962479,1
23,0,173,60,1,1,1,1,1,0,0,0,1,1,2,2,20,41,26.850264124738445,1
24,1,176,70,1,1,2,1,1,0,0,0,1,1,1,1,0,42,27.7094996034356,1
24,1,168,70,3,1,2,1,1,1,1,0,0,1,2,1,0,46,29.578918033690982,1
22,1,172,91,1,1,4,1,1,1,1,0,0,1,1,1,1,40,26.94344569537373,1
22,1,178,61,1,1,3,1,1,1,1,1,1,1,1,1,0,47,21.2244897959184,1
39,0,168,72,3,1,4,1,1,1,1,1,1,1,1,1,0,15,23.0,1
35,1,168,91,0,1,2,1,1,1,1,0,1,0,2,0,0,20,23.76110207494821,1
49,1,174,70,1,1,1,0,1,1,1,0,0,1,1,1,0,29,20.4283571132178,1
26,1,178,74,0,1,2,0,1,0,1,0,0,1,2,1,1,18,22.4913494809689,1
29,1,170,65,0,2,2,1,1,1,1,1,1,1,1,1,1,35,22.38661860156124,1
24,1,172,80,0,2,4,1,0,1,1,0,1,1,1,1,0,42,23.528128128554087,1
35,1,156,130,1,1,2,1,1,0,1,0,0,1,2,0,1,25,23.759607809331868,1
24,1,171,80,1,1,1,0,1,1,1,1,0,1,1,1,0,21,26.0,1
28,1,159,66,1,1,4,1,1,1,0,0,1,1,1,1,0,22,21.0,1
46,2,170,72,1,2,3,0,0,0,1,1,0,1,0,1,0,19,24.0,1
52,1,178,110,1,2,1,1,0,1,1,0,1,1,1,1,1,26,19.1515847936417,1
26,1,175,60,1,1,4,0,1,0,0,1,1,1,1,0,0,38,25.64369225532574,1
58,1,173,60,1,1,0,0,0,1,0,0,0,1,1,1,1,47,20.5693296602388,1
24,1,187,75,2,1,0,1,1,1,1,1,1,1,0,1,0,46,20.65030857397004,1
24,1,168,60,1,1,3,0,1,1,1,1,1,1,1,1,0,38,18.4013429752066,1
22,1,163,112,3,1,1,1,0,1,0,0,0,1,1,1,0,49,24.39232288950675,1
23,1,183,120,3,1,1,1,1,0,1,1,1,1,1,1,0,17,22.0931700542861,1
45,1,178,81,1,1,1,1,1,1,1,0,1,1,1,1,1,13,24.0,1
22,1,178,51,1,1,1,0,1,1,1,0,1,1,1,0,2,27,27.04818649985561,1
28,1,170,72,3,1,3,1,0,0,1,1,0,1,0,1,0,37,24.117134514923325,1
50,1,170,75,1,1,3,1,1,0,1,1,1,1,2,0,0,38,24.931592125856707,1
57,1,175,75,1,1,1,0,1,1,1,1,1,0,1,1,0,35,23.0,1
26,0,172,68,1,2,3,1,0,0,1,1,1,1,2,1,0,36,21.4619366241636,1
22,0,170,77,0,1,4,1,1,1,0,1,1,1,1,1,0,10,21.7993079584775,1
25,1,170,58,1,1,4,1,1,0,1,0,1,0,2,1,0,22,21.4995968825584,1
25,0,172,126,1,1,1,1,1,1,0,1,0,1,1,1,0,28,23.2550186382135,1
27,1,175,58,1,0,2,1,0,1,1,1,1,1,1,1,0,22,22.0,1
32,0,170,65,3,0,2,0,0,0,1,1,1,1,1,1,0,40,21.0,1
49,1,173,60,1,1,0,1,0,1,0,1,0,0,0,1,0,11,25.0,1
29,1,180,83,1,1,0,1,1,1,1,1,0,1,1,1,0,25,24.0,1
24,1,175,60,1,0,0,1,1,1,1,1,1,1,1,0,0,32,26.505824566342167,1
20,1,160,75,3,0,0,0,1,0,1,1,1,1,1,1,72,13,19.6232339089482,1
24,1,162,59,1,2,0,1,1,0,1,1,0,0,1,1,0,27,24.668789439548128,1
52,1,160,61,1,1,1,0,1,0,0,0,1,1,2,1,0,40,24.9134948096886,1
51,1,175,77,1,1,1,1,0,0,1,0,0,1,1,1,0,12,20.4152249134948,1
49,1,171,68,2,1,2,0,0,1,0,1,0,1,1,1,0,25,20.6405154140298,1
48,1,175,80,1,1,4,1,1,0,0,1,0,1,0,1,0,19,21.0,1
31,1,175,70,1,1,2,1,0,0,1,1,1,1,1,1,1,49,20.47382747433276,1
46,1,162,59,1,1,2,1,1,0,1,1,1,1,1,1,0,11,23.22441586881977,1
20,1,177,65,0,1,0,1,1,1,0,1,0,1,1,0,0,11,23.00242551877056,1
35,2,177,65,1,0,3,1,0,1,0,1,1,1,1,1,0,29,22.516721511363443,1
23,0,173,84,1,1,4,1,1,1,1,0,1,1,2,1,0,35,25.0,1
20,1,172,88,3,0,3,1,1,1,1,1,0,0,2,1,20,25,28.0,1
32,0,175,59,2,1,4,1,1,1,1,1,1,1,1,1,0,45,23.118528550795496,1
35,1,154,66,1,0,1,1,0,1,1,0,0,1,2,1,0,25,20.021066052301048,1
24,0,178,59,0,1,2,1,1,1,1,1,0,1,0,1,2,41,20.7612456747405,1
53,1,176,80,1,1,0,0,1,1,1,1,0,1,2,0,1,31,21.0,1
22,1,160,65,0,1,3,1,0,0,1,0,1,1,2,2,1,35,25.7629805786762,1
48,1,169,55,1,1,2,1,1,1,1,0,0,1,0,1,1,23,28.79956892996696,1
39,1,182,60,0,1,1,0,0,0,0,1,1,1,1,1,0,32,21.673453104728743,1
21,1,177,79,1,1,2,1,0,1,0,1,0,1,0,1,0,13,29.82544378240281,1
20,1,176,75,0,1,2,0,1,1,1,1,1,1,1,1,0,47,19.1515847936417,1
42,0,151,68,1,1,2,0,0,0,1,1,1,1,0,1,2,22,21.0,1
29,1,177,83,1,2,0,1,1,1,0,1,1,1,1,1,0,29,21.7180660897457,1
45,1,178,70,3,1,3,0,1,0,1,1,1,0,1,1,1,41,27.0,1
46,1,173,62,2,1,0,1,1,1,1,1,1,1,0,1,1,26,27.734006140369186,1
24,1,165,65,3,1,4,1,1,1,1,0,0,1,1,1,0,74,26.54874783302516,0
22,1,180,65,1,1,3,1,1,1,1,0,0,1,0,0,0,89,21.3039485766759,0
26,1,180,69,1,1,1,0,1,1,0,0,0,1,0,1,0,99,28.0,0
23,1,169,65,1,1,2,1,0,1,0,0,0,1,1,1,6,64,21.0,0
23,1,171,70,0,1,4,0,1,1,0,0,0,1,1,0,1,81,22.4913494809689,0
38,1,179,90,1,1,2,1,0,1,1,1,0,1,0,1,0,96,24.7720967102656,0
22,0,187,110,1,1,2,0,0,1,1,0,0,1,1,1,0,66,24.627687691401505,0
24,0,163,80,0,0,1,0,0,0,1,0,0,1,1,1,0,92,22.0,0
27,0,175,86,0,1,3,0,0,1,1,0,0,1,0,1,0,72,26.2345679012346,0
39,1,174,60,0,2,2,0,1,0,1,1,0,1,0,1,0,72,18.36327166886528,0
35,1,177,76,1,1,3,0,1,0,1,1,0,1,1,1,0,78,18.36327166886528,0
21,1,184,76,1,1,3,0,0,1,1,0,0,1,2,0,0,69,21.7994451050337,0
57,1,175,53,0,1,1,0,1,0,0,1,0,1,2,1,1,82,20.6405154140298,0
20,1,170,61,1,1,4,0,1,1,0,1,0,1,1,1,0,67,24.9134948096886,0
25,1,155,62,3,1,1,0,0,1,0,1,0,1,2,0,0,88,25.25036601666324,0
27,0,158,65,1,0,1,1,0,0,0,0,0,1,1,1,1,77,23.2434080170706,0
22,1,178,62,0,1,3,0,0,1,0,0,0,1,1,1,1,91,23.0,0
23,1,172,65,1,1,2,1,0,0,0,1,0,1,2,1,0,84,19.1515847936417,0
25,1,155,67,2,1,2,1,0,0,1,0,0,1,0,0,1,88,20.60655691352228,0
22,1,174,58,1,1,1,1,1,0,0,1,0,1,2,1,3,61,23.1983150697476,0
21,1,184,84,1,1,2,1,0,0,1,1,0,1,2,1,0,64,25.428344201629344,0
16,1,172,102,2,1,2,1,1,1,0,1,0,0,1,1,0,76,24.040763428618952,0
27,1,175,90,2,1,2,1,0,0,1,0,0,1,1,1,0,71,28.637068387717203,0
21,1,183,88,0,1,2,1,1,0,0,0,0,1,1,1,19,85,21.952479338843,0
35,1,165,91,1,2,3,1,1,1,1,0,0,1,1,1,0,70,26.6025775951504,0
20,1,175,65,1,1,1,1,1,0,0,0,0,1,0,1,0,60,25.044306234639905,0
32,1,170,66,1,1,1,0,1,0,0,0,0,1,2,1,0,69,24.0,0
20,1,164,56,0,0,2,0,1,0,0,1,0,1,1,1,0,91,19.0,0
34,1,183,75,1,1,2,1,0,0,0,1,0,1,1,1,0,70,23.0,0
49,0,178,79,3,0,0,1,1,1,1,1,0,1,1,1,0,90,24.20335841637865,0
42,1,185,69,3,1,2,0,0,1,0,1,0,1,2,1,0,75,23.11580542048119,0
21,1,170,75,0,0,3,0,1,1,0,0,0,1,1,1,0,84,20.798964927090005,0
44,0,174,65,1,1,1,1,1,0,0,1,0,1,2,1,0,87,20.0,0
29,0,169,70,1,0,3,0,1,0,1,0,0,1,1,1,8,71,23.0,0
24,1,161,79,1,1,1,1,1,1,1,1,0,1,2,0,1,77,21.257630693152983,0
31,1,168,75,1,1,2,1,0,0,1,0,0,1,0,1,2,96,24.4897959183673,0
22,0,151,60,2,1,0,1,0,0,0,0,0,1,1,1,0,63,26.547598454178974,0
21,1,165,62,1,0,3,1,1,1,1,1,0,1,1,0,0,88,20.0,0
24,0,173,60,1,2,1,1,1,1,1,0,0,1,1,1,0,79,28.9296560463127,0
23,1,170,70,1,0,0,0,0,0,0,1,0,1,2,1,0,80,19.0,0
54,1,180,67,0,1,2,1,1,0,0,0,0,1,2,1,1,69,28.503247501253536,0
30,0,178,73,1,1,1,0,0,0,0,1,0,1,2,1,0,90,23.0,0
47,1,177,57,1,0,4,0,1,0,1,1,0,1,1,2,1,84,21.780559620841277,0
29,1,150,65,0,2,1,1,1,1,0,0,0,1,1,1,0,85,28.1194357664163,0
20,1,165,69,1,1,4,0,0,1,0,0,0,1,2,1,0,90,25.473581763001608,0
24,0,180,62,2,1,2,1,0,0,1,1,0,1,0,1,0,99,27.000013904999392,0
53,1,165,68,1,2,2,0,0,0,1,1,0,1,1,1,0,74,24.0538820661912,0
22,1,172,90,0,1,4,0,0,0,0,0,0,0,1,1,0,66,25.17471267483841,0
23,1,171,63,1,1,3,1,0,1,1,1,0,1,1,1,1,77,26.00511090922612,0
48,1,171,65,1,0,4,0,1,1,0,1,0,1,1,1,0,66,18.43870281912681,0
19,1,170,70,2,1,2,1,0,1,0,0,0,1,2,1,0,92,29.28636991554444,0
25,1,181,70,1,1,1,0,0,1,1,0,0,1,1,1,1,67,25.7116620752984,0
22,1,170,77,1,1,1,0,1,1,1,0,0,1,1,0,0,77,25.0,0
52,0,184,74,2,2,0,0,1,0,1,0,0,1,2,1,1,79,22.83972824002864,0
22,1,176,75,1,0,3,0,0,1,0,1,0,1,1,1,18,67,23.0,0
23,1,166,56,1,0,2,1,0,0,1,0,0,1,1,2,0,92,23.0,0
42,1,171,51,3,1,4,1,1,1,1,0,0,0,1,0,0,98,19.0,0
35,1,165,52,2,1,1,1,1,1,0,1,0,0,1,1,1,60,28.0,0
25,1,178,53,2,0,0,0,1,1,1,0,0,1,1,1,0,75,19.5918367346939,0
29,1,165,80,1,0,0,1,0,1,0,0,0,1,1,1,1,67,24.0,0
45,1,177,77,1,1,3,0,0,0,0,0,0,0,2,1,0,73,22.516721511363443,0
51,1,170,85,1,1,1,0,0,1,1,1,0,1,2,1,0,64,29.2488818726105,0
29,1,180,70,1,1,2,0,0,1,0,1,0,1,2,0,3,78,25.0,0
22,1,164,82,1,1,1,0,1,0,1,1,0,2,1,1,0,64,26.0,0
23,1,176,75,1,1,0,1,0,1,1,1,0,1,2,1,0,72,23.0,0
53,1,183,76,2,1,1,1,1,0,1,0,0,1,1,0,0,79,21.22181492699678,0
24,1,178,70,1,2,2,0,1,1,1,1,0,1,1,1,0,73,23.619678774559297,0
22,1,163,66,0,1,0,1,1,1,1,0,0,1,1,1,0,74,23.8884409806205,0
45,1,175,70,2,1,0,1,1,1,1,0,0,1,2,1,0,76,18.316609615068742,0
23,1,174,55,1,0,4,1,0,1,0,0,0,0,2,1,0,74,25.5354463915222,0
31,1,178,81,1,1,0,1,0,0,1,1,0,1,2,1,0,73,26.2345679012346,0
24,1,183,85,1,1,2,1,1,1,1,1,0,1,0,0,0,80,24.9680097375238,0
27,0,175,60,3,1,4,1,1,0,0,1,0,1,1,1,0,69,22.0,0
22,1,170,70,1,1,0,0,0,1,0,1,0,1,1,1,6,97,25.0,0
21,1,169,70,0,0,2,1,1,1,0,1,0,0,2,2,0,89,23.0,0
22,1,175,66,1,0,3,1,0,0,0,0,0,1,1,0,1,88,23.0,0
24,1,169,102,2,0,1,0,0,1,0,1,0,1,1,1,0,78,22.0,0
36,1,174,70,1,0,0,0,1,1,0,1,0,1,1,1,0,73,25.0,0
31,1,171,68,1,1,4,1,0,1,1,1,0,1,1,1,1,93,25.82486416970913,0
23,0,171,62,1,0,1,1,1,0,0,1,0,1,1,1,0,89,20.47382747433276,0
28,1,181,70,1,1,0,0,0,1,1,0,0,1,2,1,0,95,18.624438286038163,0
30,0,188,90,0,0,0,0,0,0,1,0,0,1,0,1,0,71,28.63270717851012,0
35,0,167,110,1,1,1,0,0,1,1,1,0,1,1,1,0,63,23.8751147842057,0
21,1,175,89,0,1,3,1,1,0,0,0,0,1,1,1,0,76,24.99127882716024,0
23,1,162,72,2,1,2,1,1,1,0,0,0,1,2,1,1,75,23.965591313896745,0
21,0,175,92,3,1,1,0,1,0,0,0,0,1,2,1,0,98,29.81167041040672,0
30,1,152,54,3,1,3,0,0,1,0,1,0,1,1,0,0,93,21.0,0
32,1,170,74,2,1,4,1,1,1,1,0,0,1,1,1,0,60,26.57088213782789,0
26,1,155,60,1,1,2,0,1,1,0,1,0,1,1,0,1,68,28.8790677170034,0
26,1,183,68,1,1,1,1,0,0,1,0,0,1,2,1,0,74,24.0,0
49,1,177,69,1,1,2,1,1,0,1,1,0,1,0,1,1,64,21.0,0
22,1,180,74,3,2,2,1,0,0,1,1,0,1,1,1,0,70,25.64728402626504,0
59,1,170,66,1,0,2,1,1,1,1,1,0,0,1,0,0,62,21.0,0
54,1,171,67,1,0,4,1,1,0,0,0,0,1,1,1,1,93,38.0,0
24,1,176,70,0,2,1,1,1,0,0,0,0,0,2,1,16,83,27.976267759224505,0
50,1,178,74,1,2,3,1,0,1,1,1,0,1,0,1,0,62,19.0,0
26,1,180,60,1,1,2,1,1,0,0,0,0,1,1,1,0,68,23.346663928367263,0
33,0,175,80,1,2,2,1,0,1,0,1,0,1,2,1,0,86,29.156164625916183,0
25,1,180,65,1,1,2,1,1,1,1,1,0,1,1,1,0,81,22.0,0
23,1,170,120,2,1,2,1,1,1,1,0,0,1,1,1,1,64,25.535234917324555,0
23,1,176,65,2,2,2,0,1,1,0,0,0,1,2,1,0,71,22.0,0
34,1,178,70,3,0,3,1,1,0,0,1,0,1,0,1,0,62,25.4640108646446,0
55,1,173,59,3,1,1,0,0,0,1,1,0,1,1,1,0,61,21.532569308172413,0
26,1,174,70,1,0,2,1,0,0,0,1,0,0,0,1,1,85,28.15825785242541,0
23,1,158,56,1,0,1,0,1,0,1,1,0,1,2,1,0,81,24.8015873015873,0
23,1,169,70,3,1,1,1,1,0,1,1,0,1,1,1,0,67,23.90440736110063,0
23,1,159,78,1,1,4,1,0,0,1,0,0,1,1,1,0,82,23.267239715349707,0
46,1,177,70,1,1,3,1,0,1,0,0,0,1,0,1,0,60,22.0,0
27,1,166,75,1,1,1,0,0,1,0,1,0,1,2,1,7,73,21.0,0
27,1,171,70,1,1,2,1,0,1,0,0,0,0,0,1,1,87,20.0692041522491,0
44,1,177,74,2,1,4,1,0,1,0,0,0,1,1,1,0,89,28.15825785242541,0
56,0,164,50,1,1,3,0,0,1,0,0,0,1,0,1,0,76,23.8884409806205,0
51,1,170,73,2,1,3,0,1,0,1,0,0,1,1,1,0,99,24.2122933884298,0
39,1,153,72,1,1,3,0,1,1,1,0,0,1,0,1,1,94,26.54874783302516,0
28,0,170,74,2,0,2,1,0,1,1,1,0,1,1,0,4,71,23.0,0
20,1,172,73,3,1,1,1,0,0,0,0,0,1,1,1,0,93,21.4532871972318,0
24,1,168,62,1,1,3,0,1,0,1,1,0,1,1,1,0,73,24.9680097375238,0
26,1,173,80,3,1,0,1,0,1,1,1,0,1,0,1,0,90,21.0,0
22,1,177,68,1,1,1,0,1,0,0,0,0,1,1,1,0,96,23.0,0
22,0,181,81,1,1,2,0,0,0,1,1,0,1,0,1,0,88,29.156164625916183,0
47,1,171,77,1,1,2,0,1,0,0,1,0,0,1,2,0,86,21.0,0
35,0,172,60,3,1,0,1,1,0,1,1,0,1,0,1,1,94,26.8274207802045,0
26,1,171,70,1,2,2,0,1,1,0,1,0,1,1,1,0,88,20.107120800518043,0
36,1,170,90,1,1,1,0,0,1,0,1,0,0,1,1,2,67,25.205225677752416,0
22,0,173,66,2,2,0,1,1,1,0,0,0,1,1,1,0,60,21.10440369094465,0
22,1,181,66,1,1,1,1,0,1,1,1,0,1,1,1,0,71,23.45793554987997,0
51,0,174,65,1,1,1,1,1,1,1,1,0,1,1,2,0,60,23.0,0
40,1,165,70,1,1,3,0,0,1,0,0,0,0,1,1,1,63,19.76478542231825,0
45,1,182,81,1,1,2,0,1,1,1,1,0,1,1,1,0,97,25.01384888774684,0
31,1,171,65,1,2,1,1,0,1,0,1,0,1,2,1,1,93,21.2228082768952,0
23,0,175,86,2,1,1,0,1,1,1,0,0,0,2,1,0,74,20.72673402353909,0
24,1,173,75,1,1,1,0,0,0,0,1,0,1,1,1,0,66,29.55094256920411,0
26,1,175,62,1,1,1,0,0,0,1,0,0,1,2,1,0,94,24.765581972123705,0
25,1,171,80,1,0,2,1,1,1,1,0,0,1,2,2,0,85,22.0,0
23,1,174,62,2,1,2,0,0,1,1,0,0,1,2,1,1,82,24.2214532871972,0
28,1,171,60,0,1,2,1,0,1,0,1,0,1,2,1,0,82,22.0,0
20,1,156,62,1,1,4,1,0,1,1,0,0,1,1,1,0,76,27.04818649985561,0
51,1,161,94,2,0,0,0,0,1,0,1,0,1,1,1,0,85,27.0,0
24,1,169,80,1,1,2,0,0,1,0,0,0,1,1,1,0,83,22.8571428571429,0
21,1,172,80,1,1,2,0,1,1,1,1,0,1,2,1,1,79,27.3356401384083,0
23,1,162,90,1,1,2,1,1,0,1,1,0,1,1,2,0,91,24.048770926455266,0
24,1,175,68,2,1,1,0,1,0,0,0,0,0,2,1,1,64,28.93327658174801,0
37,1,150,73,1,1,0,0,0,1,1,1,0,1,1,1,0,70,23.2550186382135,0
25,1,175,62,1,2,2,0,1,0,0,1,0,0,0,1,0,89,26.8274207802045,0
23,1,183,72,1,2,0,1,0,1,0,1,0,1,1,2,0,85,27.3192865349702,0
24,1,178,55,2,1,4,0,0,0,0,0,0,1,1,1,1,89,20.48384655084086,0
21,1,180,68,1,1,4,1,1,1,1,1,0,1,2,1,44,88,22.84021074031897,0
25,1,176,60,1,1,2,0,0,0,1,1,0,1,1,2,1,60,24.0569347455645,0
55,1,180,62,0,1,2,0,1,0,0,0,0,1,1,1,1,76,23.3886865581877,0
25,1,183,62,3,1,0,1,1,0,0,0,0,1,1,1,0,87,26.5118040651433,0
21,1,175,89,1,2,0,0,1,0,1,1,0,0,2,1,0,62,18.02732184273334,0
29,0,179,75,1,1,4,0,1,1,0,0,0,1,2,2,0,64,24.117134514923325,0
30,1,165,91,1,0,3,1,1,0,1,0,0,1,1,1,1,70,20.727983809509023,0
46,1,175,76,1,1,4,1,0,0,0,1,0,1,2,2,1,98,23.0,0
43,1,158,84,2,1,1,0,1,0,0,1,0,1,1,1,0,77,24.0,0
21,1,168,90,1,1,0,1,1,0,0,0,0,0,1,1,1,96,22.58970610915891,0
28,1,178,83,1,1,4,0,1,1,0,0,0,1,2,1,0,66,24.0,0
30,1,172,57,1,0,1,1,1,1,1,1,0,1,1,1,1,95,20.021066052301048,0
48,1,175,90,3,1,2,0,1,1,0,1,0,1,1,1,0,82,23.6712536295922,0
34,1,179,67,1,1,1,0,1,0,0,0,0,1,1,1,0,91,21.23292096803836,0
33,1,185,91,2,1,1,1,0,1,1,1,0,1,1,1,0,60,26.7299274950717,0
23,1,180,59,1,1,2,1,1,0,0,1,0,1,0,1,0,72,23.644443125766003,0
21,1,154,55,3,1,1,1,1,0,0,1,0,1,1,1,0,97,26.962032062376643,0
33,1,170,65,3,2,2,0,0,1,1,1,0,0,0,1,16,77,21.37412833180659,0
41,1,175,56,1,1,0,1,1,1,1,1,0,1,1,1,5,80,21.9713358572201,0
22,1,170,75,1,0,2,0,1,0,1,1,0,1,0,1,0,66,29.07345262406957,0
26,1,157,83,0,1,3,0,1,0,1,1,0,1,1,1,0,80,28.81013367370572,0
53,0,180,77,1,1,1,0,1,1,0,1,0,1,0,0,0,77,43.3425160697888,0
20,1,166,84,1,1,3,0,1,1,0,1,0,1,1,0,0,65,25.0995015956112,0
50,1,175,69,1,1,3,0,0,0,0,0,0,1,2,1,0,65,21.0,0
24,0,174,68,0,0,1,0,1,0,0,1,0,1,2,1,0,99,24.308029823620064,0
22,1,166,61,1,1,2,1,1,1,1,1,0,1,1,1,0,63,19.96849615335328,0
25,1,176,70,1,1,2,0,1,1,1,0,0,0,1,1,0,91,24.1870464928783,0
40,0,176,62,0,0,4,1,1,1,1,0,0,1,2,0,7,95,29.719226612530463,0
23,1,173,69,1,1,2,1,1,0,0,0,0,0,1,1,0,93,24.668789439548128,0
53,1,175,59,1,1,1,0,1,1,0,0,0,1,2,1,0,95,20.782388098233447,0
55,1,170,60,3,1,2,1,1,0,0,0,0,1,1,1,29,89,28.03311048119402,0
20,1,163,71,1,0,3,1,0,1,0,1,0,1,1,1,0,78,21.2244897959184,0
23,1,170,63,1,1,2,0,1,0,1,1,0,1,1,1,0,76,26.776798061961948,0
26,1,170,50,0,0,1,1,1,1,1,1,0,0,2,1,0,60,20.0,0
50,1,172,75,0,1,2,0,1,1,1,1,0,1,1,0,0,84,28.63270717851012,0
22,1,170,62,3,1,1,1,1,0,1,1,0,1,1,1,0,73,20.7612456747405,0
24,1,179,65,0,1,1,0,0,1,0,1,0,1,2,0,1,97,20.0,0
24,1,173,89,2,1,1,0,0,1,1,1,0,1,1,0,0,67,27.35228101018073,0
26,1,174,84,2,1,2,1,1,1,0,0,0,1,0,1,0,63,21.0,0
22,1,193,75,2,2,3,1,0,0,0,0,0,1,1,1,8,74,24.0,0
22,1,180,115,1,1,1,1,0,0,0,1,0,1,1,1,0,92,23.0,0
23,1,178,62,0,1,4,1,0,0,0,1,0,1,1,1,0,81,22.7433837429112,0
29,1,172,70,2,1,1,0,0,1,0,0,0,0,1,1,0,77,21.21792447531209,0
47,1,154,72,0,1,1,0,1,0,0,1,0,0,1,1,1,62,21.4691504822301,0
20,1,180,60,1,1,4,0,0,1,0,1,0,1,0,0,4,75,21.6712580348944,0
25,1,179,75,1,1,1,0,1,1,0,1,0,1,2,1,0,60,20.7967298935064,0
24,0,165,76,3,1,1,1,1,0,1,0,0,1,1,1,1,96,19.8412698412698,0
54,1,181,65,1,0,0,1,0,0,0,1,0,0,1,1,2,84,23.0,0
22,1,176,68,3,1,1,1,0,1,1,0,0,1,1,1,0,71,26.3656030286641,0
26,0,171,60,1,1,4,0,0,0,1,1,0,1,1,1,0,76,20.374706878788324,0
45,1,180,60,2,1,3,1,1,0,0,1,0,0,1,1,3,79,19.74474038666683,0
23,1,172,75,1,1,3,1,0,1,1,1,0,0,2,1,1,94,25.0,0
58,1,172,72,1,1,2,1,0,0,0,0,0,0,1,1,0,96,25.28794063929841,0
36,0,170,51,0,2,2,1,1,1,0,0,0,1,1,0,0,92,23.0,0
32,1,178,68,2,1,3,1,1,0,0,0,0,1,2,1,0,93,18.4013429752066,0
32,1,179,67,1,1,2,0,1,0,0,1,0,1,2,1,0,72,21.35955038150145,0
49,1,175,61,3,1,4,1,0,0,1,1,0,1,1,1,0,85,21.0,0
25,1,155,85,0,0,2,1,0,1,1,1,0,1,1,1,0,77,20.9340495015227,0
31,1,177,73,1,2,1,1,1,0,1,1,0,1,1,1,0,65,26.94077133984033,0
47,1,178,60,1,1,1,1,0,1,1,0,0,1,2,1,6,80,24.2214532871972,0
32,0,174,89,1,1,4,1,0,0,0,1,0,1,0,1,0,77,25.0,0
28,0,172,79,1,0,0,0,0,1,1,1,0,1,1,1,0,68,23.5102040816327,0
26,1,176,74,1,1,2,1,1,1,0,1,0,1,1,1,0,62,19.0,0
23,1,180,74,1,1,0,0,1,1,0,1,0,1,2,1,1,85,22.530612244898,0
31,1,165,80,1,1,2,0,0,1,1,1,0,1,1,1,1,79,27.449657141113228,0
26,1,168,84,1,1,1,1,0,0,0,0,0,1,1,1,0,73,23.76110207494821,0
35,1,178,58,1,1,2,1,0,1,1,0,0,1,2,1,0,88,25.0,0
23,1,164,124,3,1,1,1,0,1,1,1,0,1,0,1,0,68,24.1516725033209,0
24,1,179,70,2,0,4,1,0,1,0,1,0,1,1,1,2,67,21.2244897959184,0
49,1,186,80,1,0,0,1,1,0,1,1,0,1,2,2,0,71,26.8274207802045,0
29,1,175,53,1,1,2,0,1,1,0,1,0,1,1,1,0,77,24.4897959183673,0
21,1,176,80,2,0,2,0,1,0,0,0,0,1,1,1,20,83,26.0,0
22,1,171,81,1,1,3,1,1,0,0,1,0,1,2,1,0,80,26.54874783302516,0
35,1,166,65,1,1,0,0,0,1,0,0,0,1,2,1,1,74,24.0,0
23,1,170,80,1,1,4,1,0,1,1,1,0,1,1,1,0,66,27.41117279328316,0
23,1,175,85,1,1,1,0,1,0,0,0,0,1,2,1,0,99,20.7612456747405,0
22,1,184,65,1,3,0,0,1,1,0,1,0,1,1,1,1,63,20.55169593695815,0
48,1,182,65,1,2,0,1,1,1,1,1,0,1,1,1,0,70,21.9135802469136,0
23,1,173,80,3,0,2,0,0,1,0,1,0,1,0,1,0,69,20.08550708795881,0
39,1,176,65,2,1,4,0,0,1,1,1,0,1,1,1,0,86,25.17471267483841,0
59,1,174,75,1,1,2,0,1,1,1,1,0,0,1,1,0,64,23.040734150913536,0
21,1,170,75,1,1,1,1,0,0,1,1,0,0,1,1,0,63,20.0,0
24,1,178,62,1,1,2,0,0,0,0,1,0,1,2,1,0,83,29.843265774802354,0
27,1,160,59,1,1,2,1,0,0,1,0,0,1,1,1,0,76,21.6712580348944,0
21,1,170,62,1,1,0,0,1,0,1,1,0,0,1,1,0,93,29.4117647058824,0
23,0,187,70,2,1,1,1,0,1,1,0,0,1,1,0,0,65,27.362619967461026,0
26,1,175,60,3,1,1,0,1,0,0,1,0,1,2,1,1,89,25.0,0
19,1,175,56,0,2,1,0,1,1,0,0,0,1,1,0,0,83,23.0,0
33,1,179,79,0,1,3,1,1,1,0,0,0,1,2,1,0,66,26.94344569537373,0
41,0,162,62,1,2,1,0,0,1,1,0,0,1,1,1,30,70,24.0,0
36,1,166,70,1,1,1,1,1,0,1,1,0,1,1,1,0,86,21.4532871972318,0
16,1,177,72,0,2,1,1,0,1,1,0,0,1,2,1,0,90,27.720186445067885,0
44,0,170,86,0,1,2,0,1,0,1,0,0,1,0,1,1,89,21.2244897959184,0
22,1,178,70,1,1,4,0,0,1,1,0,0,1,1,1,1,73,22.0,0
24,1,170,73,1,1,3,1,1,1,0,0,0,1,1,1,0,60,27.928762672763177,0
27,1,172,64,1,1,2,0,0,1,1,0,0,1,2,2,0,65,23.079421030603196,0
29,0,175,65,1,1,0,1,1,1,0,0,0,1,2,1,0,62,24.9680097375238,0
24,1,178,76,1,1,3,1,0,1,0,0,0,1,1,1,18,76,27.4405991735537,0
22,1,182,65,1,0,3,1,0,1,0,0,0,2,2,1,0,97,28.49837614439017,0
36,1,184,90,1,0,0,1,0,1,0,1,0,0,2,1,0,87,24.355018798153512,0
30,1,170,75,3,1,4,0,1,0,0,0,0,1,0,1,0,90,21.0,0
21,0,170,57,1,1,1,1,0,0,0,1,0,1,1,1,0,81,21.2244897959184,0
45,1,170,73,1,0,2,1,1,1,1,0,0,1,1,0,3,99,24.787960134438503,0
22,0,173,65,1,1,3,1,1,0,1,1,0,1,1,1,0,82,28.0,0
30,1,175,53,1,1,4,0,0,1,0,0,0,1,0,1,0,77,20.94729915036607,0
24,0,183,70,2,1,3,0,0,1,1,1,0,1,1,1,0,70,25.0,0
23,1,179,59,1,1,2,1,1,1,1,0,0,0,1,1,0,88,27.80905640272837,0
56,1,167,84,3,1,0,1,1,1,0,0,0,1,2,0,0,78,19.05838363155832,0
48,1,178,120,1,1,0,0,1,1,0,1,0,1,2,1,0,96,21.50705991936124,0
59,1,182,69,1,1,0,1,1,0,1,1,0,0,2,1,0,99,24.0,0
57,0,180,55,3,0,2,0,0,0,0,0,0,1,2,1,0,90,17.9282154254366,0
24,1,161,60,2,1,0,0,0,0,1,0,0,1,2,1,1,77,24.7251829329413,0
32,1,175,61,3,2,1,1,0,0,0,0,0,0,1,1,0,89,26.54043923297986,0
46,1,154,64,1,2,2,0,0,1,0,1,0,1,2,1,0,88,19.6621673711346,0
21,1,165,70,2,1,1,1,0,0,0,0,0,1,1,1,0,74,25.744420648238343,0
22,0,173,76,0,1,1,0,1,1,1,1,0,1,2,1,0,85,22.178191462006296,0
32,1,182,120,1,1,2,0,0,1,1,0,0,1,1,0,1,89,26.65912247349249,0
27,1,179,80,1,1,1,1,1,1,1,0,0,1,1,1,0,67,21.0,0
22,1,180,76,2,1,0,0,1,1,1,1,0,1,1,1,0,63,19.05838363155832,0
21,0,175,56,1,1,4,0,1,1,0,1,0,0,2,1,0,84,20.0,0
45,1,178,65,3,1,2,0,0,1,1,1,0,1,2,1,0,77,23.50968450588949,0
32,1,175,61,1,2,1,0,1,0,1,1,0,1,1,1,1,90,22.5878330942279,0
49,0,154,71,1,1,1,1,1,0,0,1,0,1,0,1,0,75,23.2550186382135,0
38,1,180,60,3,1,0,0,1,1,0,0,0,1,2,1,0,62,23.0,0
24,1,170,69,1,1,2,1,1,1,1,1,0,1,1,1,0,98,24.8015873015873,0
34,1,174,67,1,1,1,0,0,1,0,0,0,1,1,1,0,71,26.54043923297986,0
24,1,183,80,3,0,1,1,1,1,1,1,0,1,1,1,0,94,19.0966399635894,0
20,1,171,65,2,1,1,1,1,0,1,0,0,1,2,0,0,73,24.9134948096886,0
33,0,168,77,1,1,4,0,0,0,1,1,0,1,2,1,0,84,22.9209710743802,0
56,1,163,80,1,0,1,1,0,1,1,0,0,1,2,1,0,69,28.48682796983954,0
43,1,175,92,3,0,1,0,0,1,0,0,0,1,1,2,12,83,27.734006140369186,0
26,1,168,75,1,1,1,1,0,1,0,0,0,1,1,0,1,79,23.0,0
20,0,172,68,0,2,2,1,1,0,0,0,0,1,2,1,0,80,24.8015873015873,0
46,1,172,57,0,1,1,1,1,1,1,0,0,1,2,1,0,77,26.305845741520983,0
20,1,175,128,0,0,0,1,0,1,1,0,0,1,0,1,0,82,43.2666306111412,0
27,1,170,66,2,1,1,1,0,0,1,1,0,1,1,1,0,75,25.0,0
59,1,160,61,2,1,1,1,1,1,0,1,0,1,2,1,0,81,21.532569308172413,0
41,1,165,65,2,1,1,1,1,1,0,1,0,1,1,0,0,68,22.1453287197232,0
21,1,182,80,0,1,2,1,0,0,1,0,0,0,1,1,0,61,28.65628566813882,0
26,1,163,62,3,1,1,1,1,1,0,0,0,1,2,1,0,71,20.0,0
22,1,153,63,1,1,0,1,0,1,0,0,0,1,1,1,1,90,28.0774675528667,0
31,1,165,70,1,1,2,0,1,1,1,1,0,1,1,1,0,89,23.5396953907286,0
59,1,175,69,1,1,2,0,0,1,0,0,0,1,1,1,0,98,21.0,0
26,1,170,66,1,1,1,1,0,1,0,0,0,1,1,1,1,64,20.16348570774065,0
46,0,165,79,1,0,2,0,1,1,1,1,0,0,1,0,0,89,23.727790968869392,0
23,1,155,60,2,1,1,1,0,0,1,1,0,1,2,1,0,93,24.0,0
54,1,170,75,1,1,1,1,1,0,0,0,0,1,1,1,0,64,18.73528140089538,0
24,1,175,58,2,1,2,1,1,1,0,1,0,0,1,1,0,85,21.0,0
43,1,179,68,1,1,3,0,0,0,0,0,0,0,1,1,0,70,26.57088213782789,0
32,1,171,65,2,0,0,0,1,0,0,0,0,1,0,1,0,76,24.385126075791657,0
57,0,176,60,1,1,1,0,1,0,1,0,0,1,1,1,0,70,22.0931700542861,0
44,1,170,73,1,0,2,0,0,1,1,0,0,1,1,1,0,98,25.89386000585609,0
23,1,176,62,0,1,4,0,1,0,0,0,0,1,1,1,0,88,24.0538820661912,0
30,1,171,70,0,1,0,0,0,1,1,0,0,1,1,0,0,70,27.0,0
